sample_id,Alysiella,Capnocytophaga,Pseudomonas,Sphingomonas,Xylophilus,Olsenella,Monoglobus,Roseisolibacter,Parafilimonas,Desulfovibrio,Chitinophaga,Flexivirga,Nocardia,Fusobacterium,Proteobacteria_other
R-401,6,17,10,4,4,33,19,12,22,23,20,12,20,18,14
R-402,5,1,16,8,27,13,34,13,19,1,33,11,6,26,18
R-403,8,25,24,3,23,0,11,20,28,14,6,8,0,18,9
R-404,32,0,3,4,0,21,23,29,27,20,24,27,19,17,16
R-405,0,10,5,9,20,11,20,12,11,19,10,14,11,28,14
R-406,34,19,15,4,15,26,6,19,3,17,20,10,18,5,0
R-407,19,15,22,17,0,16,27,17,14,10,17,9,19,5,10
R-408,18,8,0,24,28,0,0,23,23,13,4,4,21,8,16
R-409,15,37,14,1,7,7,1,7,23,2,26,13,15,21,20
R-410,19,21,22,19,20,7,25,0,7,14,29,0,8,19,21
R-411,13,24,16,7,17,28,8,2,16,8,10,27,16,22,11
R-412,18,24,30,27,16,23,0,20,0,15,27,6,12,14,30
R-413,32,21,19,14,29,0,31,22,25,0,10,28,4,12,26
R-414,4,22,19,13,24,16,1,3,14,0,21,36,13,0,11
R-415,15,12,11,5,31,14,24,12,2,6,5,20,13,9,5
R-416,9,5,5,0,5,4,5,17,25,5,24,10,4,17,1
R-417,2,16,0,18,15,0,11,24,22,11,21,16,33,12,9
R-418,14,24,35,6,10,5,30,14,16,26,8,26,12,14,17
R-419,18,22,4,11,10,11,15,25,31,29,0,20,14,19,13
R-420,32,6,9,4,20,5,1,17,8,16,15,0,9,1,9
R-421,0,0,17,9,4,27,33,16,17,0,15,19,26,27,17
R-422,23,22,25,18,14,29,27,16,16,18,17,21,22,5,10
R-423,10,24,24,30,9,6,7,27,27,18,10,21,18,28,16
R-424,11,37,11,14,14,21,20,21,0,18,12,34,11,21,7
R-425,17,18,37,0,4,31,23,17,25,25,36,16,18,20,18
R-426,18,2,16,0,0,0,9,11,12,17,29,12,15,0,12
R-427,4,14,30,13,0,19,7,13,19,26,15,23,8,14,18
R-428,0,14,0,2,8,7,21,14,19,5,25,8,12,25,15
R-429,4,14,31,18,25,0,7,10,7,14,30,18,4,26,9
R-430,1,0,24,21,15,0,11,27,4,19,7,22,17,14,3
R-431,0,24,6,25,12,21,26,8,23,22,7,4,19,22,0
R-432,30,7,7,6,4,19,15,20,20,19,23,22,2,0,5
R-433,41,19,10,6,34,23,23,13,33,20,15,22,42,10,32
R-434,29,7,10,26,6,15,7,22,20,0,16,4,12,17,36
R-435,17,18,16,6,33,25,13,12,20,19,37,9,24,26,22
R-436,20,19,19,0,18,18,26,10,5,25,18,0,3,27,17
R-437,4,10,17,10,21,7,6,9,1,24,26,16,18,23,3
R-438,0,15,12,12,25,13,17,0,14,4,22,6,35,15,13
R-439,11,4,15,33,16,9,23,21,12,13,29,14,5,26,13
R-440,4,22,12,12,2,13,24,9,3,26,19,12,17,33,14
R-441,9,20,11,6,13,20,36,24,13,28,19,23,19,29,10
R-442,7,16,7,19,0,16,9,18,15,12,6,27,27,26,12
R-443,37,10,20,13,20,9,15,16,17,10,25,15,7,4,2
R-444,6,12,16,16,14,13,0,2,4,5,14,31,7,34,24
R-445,21,23,0,14,7,14,0,21,30,26,12,23,14,17,11
R-446,22,13,5,2,18,0,19,16,18,15,1,18,19,33,13
R-447,9,25,6,15,20,3,4,12,25,17,18,15,27,6,13
R-448,22,11,11,27,0,21,17,10,0,15,24,26,20,19,7
R-449,5,9,26,23,27,10,24,13,22,6,17,11,25,31,31
R-450,16,8,19,9,8,4,13,14,14,38,14,0,4,5,13
R-451,16,11,21,18,21,25,11,3,38,18,17,20,12,10,8
R-452,12,32,11,7,16,17,3,18,7,17,19,29,14,29,19
R-453,9,35,10,10,8,7,6,4,20,3,0,10,8,21,0
R-454,12,13,2,26,21,16,24,23,21,6,0,13,13,20,23
R-455,31,4,11,18,5,9,29,16,28,9,12,28,28,0,11
R-456,16,5,17,7,23,34,26,14,19,34,13,17,13,8,10
R-457,19,17,22,15,12,20,3,27,0,17,25,24,26,20,25
R-458,24,16,18,8,22,10,21,18,20,13,14,8,10,5,15
R-459,4,22,0,3,1,13,26,13,7,13,14,17,25,21,0
R-460,5,13,11,25,24,12,6,4,19,9,7,19,0,24,9
R-461,13,7,12,11,2,12,16,20,19,17,15,14,4,13,23
R-462,5,20,33,24,12,4,4,22,6,7,11,20,23,28,15
R-463,17,0,12,22,26,15,21,8,0,18,21,0,28,20,3
R-464,38,31,10,16,17,24,6,11,9,6,7,11,17,32,28
R-465,24,25,37,28,19,15,16,42,3,15,8,23,10,24,10
R-466,3,27,11,24,2,20,19,8,6,0,7,7,5,26,16
R-467,18,8,19,2,7,13,10,5,22,22,16,32,19,21,7
R-468,22,22,19,20,21,11,18,17,8,16,25,11,22,17,10
R-469,10,10,15,6,17,27,26,17,15,10,12,20,28,7,11
R-470,23,10,7,7,30,18,19,18,16,18,0,10,16,5,21
R-471,15,19,25,15,13,13,2,9,1,22,23,15,12,2,22
R-472,10,28,21,28,20,9,23,0,0,19,2,20,6,8,0
R-473,3,21,8,2,16,13,14,30,18,15,2,16,19,20,24
R-474,18,7,18,12,20,27,10,8,3,18,5,22,25,5,24
R-475,9,4,22,35,27,12,12,17,16,14,0,19,7,10,14
R-476,18,3,8,22,17,19,4,12,15,6,5,15,11,14,2
R-477,23,8,25,0,0,4,11,3,7,9,21,2,9,10,8
R-478,16,25,19,36,2,9,20,7,15,21,31,7,15,0,7
R-479,15,13,26,30,24,21,8,7,22,2,10,18,27,31,9
R-480,13,6,22,17,7,9,14,0,11,37,23,11,22,31,12
R-481,11,6,15,6,4,8,20,0,27,13,21,10,23,15,15
R-482,7,7,8,24,1,12,7,0,28,21,30,7,0,15,4
R-483,13,19,8,5,24,20,4,10,16,5,16,6,21,25,11
R-484,9,23,11,17,14,27,8,17,30,9,10,19,8,4,24
R-485,0,0,15,0,39,26,17,19,17,20,3,0,16,0,7
R-486,18,16,16,3,25,19,7,14,24,16,1,15,0,21,15
R-487,13,17,28,17,24,2,21,0,10,21,11,0,0,16,22
R-488,26,5,18,8,18,8,35,22,7,21,18,24,10,25,14
R-489,4,47,9,17,0,13,19,10,19,17,2,19,30,14,7
R-490,30,6,5,4,8,0,16,9,10,26,4,26,10,15,14
R-491,14,19,20,16,25,22,10,13,28,14,28,22,9,23,12
R-492,27,36,25,7,12,9,20,2,16,0,17,19,10,15,15
R-493,29,6,14,31,13,6,10,11,29,18,22,23,26,19,12
R-494,26,21,20,4,22,11,12,18,22,29,16,25,35,0,6
R-495,21,18,17,8,16,15,13,25,13,7,24,18,21,32,13
R-496,19,2,0,3,6,15,8,34,26,16,9,10,18,11,6
R-497,8,23,11,10,22,15,0,19,18,17,25,0,19,21,29
R-498,27,22,20,12,18,24,23,18,15,14,4,28,12,20,0
R-499,11,4,17,18,10,8,9,26,21,16,5,24,20,33,7
R-500,5,6,15,12,4,10,33,14,9,16,18,10,17,15,24
R-501,0,35,11,3,18,10,15,27,19,31,23,12,17,4,18
R-502,16,25,15,9,39,11,13,20,11,26,42,37,0,18,23
R-503,7,0,1,15,21,18,12,22,14,8,18,13,8,11,20
R-504,15,10,17,15,10,3,12,4,22,19,27,4,0,21,20
R-505,16,17,12,26,20,9,0,21,10,8,4,13,11,8,6
R-506,20,16,18,23,11,6,9,28,12,11,6,4,12,11,9
R-507,23,18,8,16,17,19,20,8,15,25,23,7,16,14,2
R-508,29,22,15,12,15,12,13,10,20,0,0,29,3,13,10
