sample_id,shannon,site,sex,survival
R-401,2.5795932292472337,mouth,F,0
R-402,2.456225612929118,anus,M,0
R-403,2.4176161750617737,anus,F,0
R-404,2.453531543452456,mouth,M,1
R-405,2.557588574123459,mouth,M,0
R-406,2.4679361872816172,anus,F,0
R-407,2.5726347778895273,mouth,M,1
R-408,2.342620936692101,anus,M,0
R-409,2.432939447314101,mouth,F,1
R-410,2.4875731418292695,mouth,F,0
R-411,2.5768106078274053,anus,F,1
R-412,2.496297017227881,anus,F,1
R-413,2.4713332613016825,anus,F,1
R-414,2.357432219810456,anus,M,0
R-415,2.521340721351722,anus,M,0
R-416,2.3597018263702787,anus,F,1
R-417,2.4485355223873615,anus,M,0
R-418,2.5770454265509835,mouth,M,1
R-419,2.5438868527032183,anus,F,0
R-420,2.3642192476519917,mouth,M,1
R-421,2.3905401379876112,anus,M,1
R-422,2.6485247473557005,mouth,M,0
R-423,2.604378925656905,mouth,M,0
R-424,2.538512931293214,anus,M,1
R-425,2.5584921792409316,anus,F,0
R-426,2.2865171822855075,anus,M,1
R-427,2.5381883920147597,mouth,M,0
R-428,2.4134587698290244,anus,F,1
R-429,2.463985427207018,anus,M,1
R-430,2.36784474985962,mouth,F,0
R-431,2.4400819504410003,mouth,F,1
R-432,2.441717348206662,mouth,F,0
R-433,2.5890857174914186,mouth,M,1
R-434,2.4786224545611693,anus,F,0
R-435,2.6211803967597938,anus,F,0
R-436,2.4623808164033143,mouth,F,0
R-437,2.500550618319947,anus,M,0
R-438,2.446766942622512,anus,M,0
R-439,2.5792217038709895,mouth,F,1
R-440,2.5277649206384263,anus,F,0
R-441,2.6109161088111934,mouth,M,1
R-442,2.534706547916623,anus,F,0
R-443,2.5418247767093938,anus,M,0
R-444,2.420825575562104,mouth,F,1
R-445,2.4996597355829984,mouth,M,1
R-446,2.4676203339802463,anus,F,0
R-447,2.5587346457906297,mouth,F,0
R-448,2.4991463246591787,anus,M,1
R-449,2.5885244762431543,anus,F,1
R-450,2.4597502992403344,anus,M,1
R-451,2.591372642793105,anus,M,0
R-452,2.5834854678676837,mouth,M,0
R-453,2.344277322660187,mouth,M,1
R-454,2.535367641651991,mouth,M,1
R-455,2.4801729341112013,mouth,F,0
R-456,2.583381209072185,mouth,F,0
R-457,2.573609134529284,anus,F,0
R-458,2.6332066666800302,mouth,M,1
R-459,2.3676810542498123,anus,F,0
R-460,2.493346224397759,anus,F,0
R-461,2.6048069861681102,anus,F,0
R-462,2.526969351474284,anus,F,1
R-463,2.3927961495550734,mouth,F,0
R-464,2.5435298094899617,anus,F,0
R-465,2.568159303431458,mouth,M,0
R-466,2.4143710480848144,mouth,M,0
R-467,2.552899663706508,anus,M,1
R-468,2.663364359106448,mouth,F,0
R-469,2.6106841810652845,mouth,M,0
R-470,2.539650348296057,mouth,F,1
R-471,2.5228462373968714,anus,M,0
R-472,2.3297051801427657,mouth,M,1
R-473,2.5363140291228077,mouth,M,1
R-474,2.554829240439415,mouth,F,0
R-475,2.5157020171236932,anus,F,1
R-476,2.5441008845866877,mouth,M,0
R-477,2.3516729977170887,mouth,F,1
R-478,2.4669728207109825,mouth,F,0
R-479,2.5651780495785954,anus,F,1
R-480,2.5091382929297628,anus,F,1
R-481,2.519174127889432,anus,F,1
R-482,2.3191387750946535,mouth,F,0
R-483,2.5691928252264526,mouth,M,0
R-484,2.584155152064407,anus,M,0
R-485,2.1612571218042773,anus,M,0
R-486,2.5050076916073643,anus,F,1
R-487,2.3861295649055942,mouth,M,0
R-488,2.588398955135056,mouth,F,1
R-489,2.425831103484916,anus,F,1
R-490,2.445899960110227,anus,F,0
R-491,2.652132233897913,mouth,F,0
R-492,2.50016570618723,anus,M,1
R-493,2.6000220068364523,anus,F,0
R-494,2.5310455696396064,mouth,M,0
R-495,2.641115082236702,anus,F,1
R-496,2.4250245683484204,mouth,M,1
R-497,2.510605580781276,mouth,F,0
R-498,2.5711963906049995,anus,F,0
R-499,2.5612421054506487,anus,M,0
R-500,2.576059162265122,mouth,M,1
R-501,2.4937180497922684,anus,F,1
R-502,2.5283106879464325,mouth,M,1
R-503,2.524176033531726,anus,F,1
R-504,2.497086769861396,mouth,M,1
R-505,2.530022370743438,anus,M,0
R-506,2.5889029909404675,anus,F,0
R-507,2.6055170224915813,anus,M,1
R-508,2.4553920616425673,anus,F,1
