genus,statistic,p_value,direction,q_value
Olsenella,1236.0,0.19657978703899037,higher_in_non_survivors,0.7306674933413371
Sphingomonas,1241.0,0.20769415194632512,higher_in_non_survivors,0.7306674933413371
Monoglobus,1647.0,0.21447335690965852,higher_in_survivors,0.7306674933413371
Xylophilus,1244.5,0.21554569349681074,higher_in_non_survivors,0.7306674933413371
Proteobacteria_other,1620.5,0.281032489988715,higher_in_survivors,0.7306674933413371
Nocardia,1274.5,0.29226699733653483,higher_in_non_survivors,0.7306674933413371
Desulfovibrio,1296.0,0.3572995858624304,higher_in_non_survivors,0.765641969705208
Fusobacterium,1576.5,0.42014920832774927,higher_in_survivors,0.7877797656145299
Parafilimonas,1506.0,0.7109125315705452,higher_in_survivors,0.9802789216464206
Flexivirga,1502.0,0.7294198791718514,higher_in_survivors,0.9802789216464206
Capnocytophaga,1425.5,0.9041315938847448,higher_in_survivors,0.9802789216464206
Chitinophaga,1464.5,0.9090452134130645,higher_in_survivors,0.9802789216464206
Alysiella,1456.5,0.9482889772469094,higher_in_non_survivors,0.9802789216464206
Roseisolibacter,1437.0,0.9605838092649412,higher_in_non_survivors,0.9802789216464206
Pseudomonas,1450.0,0.9802789216464206,higher_in_survivors,0.9802789216464206
