sample_id,site,sex,survival
R-401,mouth,F,0
R-402,anus,M,0
R-403,anus,F,0
R-404,mouth,M,1
R-405,mouth,M,0
R-406,anus,F,0
R-407,mouth,M,1
R-408,anus,M,0
R-409,mouth,F,1
R-410,mouth,F,0
R-411,anus,F,1
R-412,anus,F,1
R-413,anus,F,1
R-414,anus,M,0
R-415,anus,M,0
R-416,anus,F,1
R-417,anus,M,0
R-418,mouth,M,1
R-419,anus,F,0
R-420,mouth,M,1
R-421,anus,M,1
R-422,mouth,M,0
R-423,mouth,M,0
R-424,anus,M,1
R-425,anus,F,0
R-426,anus,M,1
R-427,mouth,M,0
R-428,anus,F,1
R-429,anus,M,1
R-430,mouth,F,0
R-431,mouth,F,1
R-432,mouth,F,0
R-433,mouth,M,1
R-434,anus,F,0
R-435,anus,F,0
R-436,mouth,F,0
R-437,anus,M,0
R-438,anus,M,0
R-439,mouth,F,1
R-440,anus,F,0
R-441,mouth,M,1
R-442,anus,F,0
R-443,anus,M,0
R-444,mouth,F,1
R-445,mouth,M,1
R-446,anus,F,0
R-447,mouth,F,0
R-448,anus,M,1
R-449,anus,F,1
R-450,anus,M,1
R-451,anus,M,0
R-452,mouth,M,0
R-453,mouth,M,1
R-454,mouth,M,1
R-455,mouth,F,0
R-456,mouth,F,0
R-457,anus,F,0
R-458,mouth,M,1
R-459,anus,F,0
R-460,anus,F,0
R-461,anus,F,0
R-462,anus,F,1
R-463,mouth,F,0
R-464,anus,F,0
R-465,mouth,M,0
R-466,mouth,M,0
R-467,anus,M,1
R-468,mouth,F,0
R-469,mouth,M,0
R-470,mouth,F,1
R-471,anus,M,0
R-472,mouth,M,1
R-473,mouth,M,1
R-474,mouth,F,0
R-475,anus,F,1
R-476,mouth,M,0
R-477,mouth,F,1
R-478,mouth,F,0
R-479,anus,F,1
R-480,anus,F,1
R-481,anus,F,1
R-482,mouth,F,0
R-483,mouth,M,0
R-484,anus,M,0
R-485,anus,M,0
R-486,anus,F,1
R-487,mouth,M,0
R-488,mouth,F,1
R-489,anus,F,1
R-490,anus,F,0
R-491,mouth,F,0
R-492,anus,M,1
R-493,anus,F,0
R-494,mouth,M,0
R-495,anus,F,1
R-496,mouth,M,1
R-497,mouth,F,0
R-498,anus,F,0
R-499,anus,M,0
R-500,mouth,M,1
R-501,anus,F,1
R-502,mouth,M,1
R-503,anus,F,1
R-504,mouth,M,1
R-505,anus,M,0
R-506,anus,F,0
R-507,anus,M,1
R-508,anus,F,1
