sample_id,genus,count,phylum,site,sex,survival
R-401,Alysiella,6,Proteobacteria,mouth,F,0
R-402,Alysiella,5,Proteobacteria,anus,M,0
R-403,Alysiella,8,Proteobacteria,anus,F,0
R-404,Alysiella,32,Proteobacteria,mouth,M,1
R-405,Alysiella,0,Proteobacteria,mouth,M,0
R-406,Alysiella,34,Proteobacteria,anus,F,0
R-407,Alysiella,19,Proteobacteria,mouth,M,1
R-408,Alysiella,18,Proteobacteria,anus,M,0
R-409,Alysiella,15,Proteobacteria,mouth,F,1
R-410,Alysiella,19,Proteobacteria,mouth,F,0
R-411,Alysiella,13,Proteobacteria,anus,F,1
R-412,Alysiella,18,Proteobacteria,anus,F,1
R-413,Alysiella,32,Proteobacteria,anus,F,1
R-414,Alysiella,4,Proteobacteria,anus,M,0
R-415,Alysiella,15,Proteobacteria,anus,M,0
R-416,Alysiella,9,Proteobacteria,anus,F,1
R-417,Alysiella,2,Proteobacteria,anus,M,0
R-418,Alysiella,14,Proteobacteria,mouth,M,1
R-419,Alysiella,18,Proteobacteria,anus,F,0
R-420,Alysiella,32,Proteobacteria,mouth,M,1
R-421,Alysiella,0,Proteobacteria,anus,M,1
R-422,Alysiella,23,Proteobacteria,mouth,M,0
R-423,Alysiella,10,Proteobacteria,mouth,M,0
R-424,Alysiella,11,Proteobacteria,anus,M,1
R-425,Alysiella,17,Proteobacteria,anus,F,0
R-426,Alysiella,18,Proteobacteria,anus,M,1
R-427,Alysiella,4,Proteobacteria,mouth,M,0
R-428,Alysiella,0,Proteobacteria,anus,F,1
R-429,Alysiella,4,Proteobacteria,anus,M,1
R-430,Alysiella,1,Proteobacteria,mouth,F,0
R-431,Alysiella,0,Proteobacteria,mouth,F,1
R-432,Alysiella,30,Proteobacteria,mouth,F,0
R-433,Alysiella,41,Proteobacteria,mouth,M,1
R-434,Alysiella,29,Proteobacteria,anus,F,0
R-435,Alysiella,17,Proteobacteria,anus,F,0
R-436,Alysiella,20,Proteobacteria,mouth,F,0
R-437,Alysiella,4,Proteobacteria,anus,M,0
R-438,Alysiella,0,Proteobacteria,anus,M,0
R-439,Alysiella,11,Proteobacteria,mouth,F,1
R-440,Alysiella,4,Proteobacteria,anus,F,0
R-441,Alysiella,9,Proteobacteria,mouth,M,1
R-442,Alysiella,7,Proteobacteria,anus,F,0
R-443,Alysiella,37,Proteobacteria,anus,M,0
R-444,Alysiella,6,Proteobacteria,mouth,F,1
R-445,Alysiella,21,Proteobacteria,mouth,M,1
R-446,Alysiella,22,Proteobacteria,anus,F,0
R-447,Alysiella,9,Proteobacteria,mouth,F,0
R-448,Alysiella,22,Proteobacteria,anus,M,1
R-449,Alysiella,5,Proteobacteria,anus,F,1
R-450,Alysiella,16,Proteobacteria,anus,M,1
R-451,Alysiella,16,Proteobacteria,anus,M,0
R-452,Alysiella,12,Proteobacteria,mouth,M,0
R-453,Alysiella,9,Proteobacteria,mouth,M,1
R-454,Alysiella,12,Proteobacteria,mouth,M,1
R-455,Alysiella,31,Proteobacteria,mouth,F,0
R-456,Alysiella,16,Proteobacteria,mouth,F,0
R-457,Alysiella,19,Proteobacteria,anus,F,0
R-458,Alysiella,24,Proteobacteria,mouth,M,1
R-459,Alysiella,4,Proteobacteria,anus,F,0
R-460,Alysiella,5,Proteobacteria,anus,F,0
R-461,Alysiella,13,Proteobacteria,anus,F,0
R-462,Alysiella,5,Proteobacteria,anus,F,1
R-463,Alysiella,17,Proteobacteria,mouth,F,0
R-464,Alysiella,38,Proteobacteria,anus,F,0
R-465,Alysiella,24,Proteobacteria,mouth,M,0
R-466,Alysiella,3,Proteobacteria,mouth,M,0
R-467,Alysiella,18,Proteobacteria,anus,M,1
R-468,Alysiella,22,Proteobacteria,mouth,F,0
R-469,Alysiella,10,Proteobacteria,mouth,M,0
R-470,Alysiella,23,Proteobacteria,mouth,F,1
R-471,Alysiella,15,Proteobacteria,anus,M,0
R-472,Alysiella,10,Proteobacteria,mouth,M,1
R-473,Alysiella,3,Proteobacteria,mouth,M,1
R-474,Alysiella,18,Proteobacteria,mouth,F,0
R-475,Alysiella,9,Proteobacteria,anus,F,1
R-476,Alysiella,18,Proteobacteria,mouth,M,0
R-477,Alysiella,23,Proteobacteria,mouth,F,1
R-478,Alysiella,16,Proteobacteria,mouth,F,0
R-479,Alysiella,15,Proteobacteria,anus,F,1
R-480,Alysiella,13,Proteobacteria,anus,F,1
R-481,Alysiella,11,Proteobacteria,anus,F,1
R-482,Alysiella,7,Proteobacteria,mouth,F,0
R-483,Alysiella,13,Proteobacteria,mouth,M,0
R-484,Alysiella,9,Proteobacteria,anus,M,0
R-485,Alysiella,0,Proteobacteria,anus,M,0
R-486,Alysiella,18,Proteobacteria,anus,F,1
R-487,Alysiella,13,Proteobacteria,mouth,M,0
R-488,Alysiella,26,Proteobacteria,mouth,F,1
R-489,Alysiella,4,Proteobacteria,anus,F,1
R-490,Alysiella,30,Proteobacteria,anus,F,0
R-491,Alysiella,14,Proteobacteria,mouth,F,0
R-492,Alysiella,27,Proteobacteria,anus,M,1
R-493,Alysiella,29,Proteobacteria,anus,F,0
R-494,Alysiella,26,Proteobacteria,mouth,M,0
R-495,Alysiella,21,Proteobacteria,anus,F,1
R-496,Alysiella,19,Proteobacteria,mouth,M,1
R-497,Alysiella,8,Proteobacteria,mouth,F,0
R-498,Alysiella,27,Proteobacteria,anus,F,0
R-499,Alysiella,11,Proteobacteria,anus,M,0
R-500,Alysiella,5,Proteobacteria,mouth,M,1
R-501,Alysiella,0,Proteobacteria,anus,F,1
R-502,Alysiella,16,Proteobacteria,mouth,M,1
R-503,Alysiella,7,Proteobacteria,anus,F,1
R-504,Alysiella,15,Proteobacteria,mouth,M,1
R-505,Alysiella,16,Proteobacteria,anus,M,0
R-506,Alysiella,20,Proteobacteria,anus,F,0
R-507,Alysiella,23,Proteobacteria,anus,M,1
R-508,Alysiella,29,Proteobacteria,anus,F,1
R-401,Capnocytophaga,17,Bacteroidota,mouth,F,0
R-402,Capnocytophaga,1,Bacteroidota,anus,M,0
R-403,Capnocytophaga,25,Bacteroidota,anus,F,0
R-404,Capnocytophaga,0,Bacteroidota,mouth,M,1
R-405,Capnocytophaga,10,Bacteroidota,mouth,M,0
R-406,Capnocytophaga,19,Bacteroidota,anus,F,0
R-407,Capnocytophaga,15,Bacteroidota,mouth,M,1
R-408,Capnocytophaga,8,Bacteroidota,anus,M,0
R-409,Capnocytophaga,37,Bacteroidota,mouth,F,1
R-410,Capnocytophaga,21,Bacteroidota,mouth,F,0
R-411,Capnocytophaga,24,Bacteroidota,anus,F,1
R-412,Capnocytophaga,24,Bacteroidota,anus,F,1
R-413,Capnocytophaga,21,Bacteroidota,anus,F,1
R-414,Capnocytophaga,22,Bacteroidota,anus,M,0
R-415,Capnocytophaga,12,Bacteroidota,anus,M,0
R-416,Capnocytophaga,5,Bacteroidota,anus,F,1
R-417,Capnocytophaga,16,Bacteroidota,anus,M,0
R-418,Capnocytophaga,24,Bacteroidota,mouth,M,1
R-419,Capnocytophaga,22,Bacteroidota,anus,F,0
R-420,Capnocytophaga,6,Bacteroidota,mouth,M,1
R-421,Capnocytophaga,0,Bacteroidota,anus,M,1
R-422,Capnocytophaga,22,Bacteroidota,mouth,M,0
R-423,Capnocytophaga,24,Bacteroidota,mouth,M,0
R-424,Capnocytophaga,37,Bacteroidota,anus,M,1
R-425,Capnocytophaga,18,Bacteroidota,anus,F,0
R-426,Capnocytophaga,2,Bacteroidota,anus,M,1
R-427,Capnocytophaga,14,Bacteroidota,mouth,M,0
R-428,Capnocytophaga,14,Bacteroidota,anus,F,1
R-429,Capnocytophaga,14,Bacteroidota,anus,M,1
R-430,Capnocytophaga,0,Bacteroidota,mouth,F,0
R-431,Capnocytophaga,24,Bacteroidota,mouth,F,1
R-432,Capnocytophaga,7,Bacteroidota,mouth,F,0
R-433,Capnocytophaga,19,Bacteroidota,mouth,M,1
R-434,Capnocytophaga,7,Bacteroidota,anus,F,0
R-435,Capnocytophaga,18,Bacteroidota,anus,F,0
R-436,Capnocytophaga,19,Bacteroidota,mouth,F,0
R-437,Capnocytophaga,10,Bacteroidota,anus,M,0
R-438,Capnocytophaga,15,Bacteroidota,anus,M,0
R-439,Capnocytophaga,4,Bacteroidota,mouth,F,1
R-440,Capnocytophaga,22,Bacteroidota,anus,F,0
R-441,Capnocytophaga,20,Bacteroidota,mouth,M,1
R-442,Capnocytophaga,16,Bacteroidota,anus,F,0
R-443,Capnocytophaga,10,Bacteroidota,anus,M,0
R-444,Capnocytophaga,12,Bacteroidota,mouth,F,1
R-445,Capnocytophaga,23,Bacteroidota,mouth,M,1
R-446,Capnocytophaga,13,Bacteroidota,anus,F,0
R-447,Capnocytophaga,25,Bacteroidota,mouth,F,0
R-448,Capnocytophaga,11,Bacteroidota,anus,M,1
R-449,Capnocytophaga,9,Bacteroidota,anus,F,1
R-450,Capnocytophaga,8,Bacteroidota,anus,M,1
R-451,Capnocytophaga,11,Bacteroidota,anus,M,0
R-452,Capnocytophaga,32,Bacteroidota,mouth,M,0
R-453,Capnocytophaga,35,Bacteroidota,mouth,M,1
R-454,Capnocytophaga,13,Bacteroidota,mouth,M,1
R-455,Capnocytophaga,4,Bacteroidota,mouth,F,0
R-456,Capnocytophaga,5,Bacteroidota,mouth,F,0
R-457,Capnocytophaga,17,Bacteroidota,anus,F,0
R-458,Capnocytophaga,16,Bacteroidota,mouth,M,1
R-459,Capnocytophaga,22,Bacteroidota,anus,F,0
R-460,Capnocytophaga,13,Bacteroidota,anus,F,0
R-461,Capnocytophaga,7,Bacteroidota,anus,F,0
R-462,Capnocytophaga,20,Bacteroidota,anus,F,1
R-463,Capnocytophaga,0,Bacteroidota,mouth,F,0
R-464,Capnocytophaga,31,Bacteroidota,anus,F,0
R-465,Capnocytophaga,25,Bacteroidota,mouth,M,0
R-466,Capnocytophaga,27,Bacteroidota,mouth,M,0
R-467,Capnocytophaga,8,Bacteroidota,anus,M,1
R-468,Capnocytophaga,22,Bacteroidota,mouth,F,0
R-469,Capnocytophaga,10,Bacteroidota,mouth,M,0
R-470,Capnocytophaga,10,Bacteroidota,mouth,F,1
R-471,Capnocytophaga,19,Bacteroidota,anus,M,0
R-472,Capnocytophaga,28,Bacteroidota,mouth,M,1
R-473,Capnocytophaga,21,Bacteroidota,mouth,M,1
R-474,Capnocytophaga,7,Bacteroidota,mouth,F,0
R-475,Capnocytophaga,4,Bacteroidota,anus,F,1
R-476,Capnocytophaga,3,Bacteroidota,mouth,M,0
R-477,Capnocytophaga,8,Bacteroidota,mouth,F,1
R-478,Capnocytophaga,25,Bacteroidota,mouth,F,0
R-479,Capnocytophaga,13,Bacteroidota,anus,F,1
R-480,Capnocytophaga,6,Bacteroidota,anus,F,1
R-481,Capnocytophaga,6,Bacteroidota,anus,F,1
R-482,Capnocytophaga,7,Bacteroidota,mouth,F,0
R-483,Capnocytophaga,19,Bacteroidota,mouth,M,0
R-484,Capnocytophaga,23,Bacteroidota,anus,M,0
R-485,Capnocytophaga,0,Bacteroidota,anus,M,0
R-486,Capnocytophaga,16,Bacteroidota,anus,F,1
R-487,Capnocytophaga,17,Bacteroidota,mouth,M,0
R-488,Capnocytophaga,5,Bacteroidota,mouth,F,1
R-489,Capnocytophaga,47,Bacteroidota,anus,F,1
R-490,Capnocytophaga,6,Bacteroidota,anus,F,0
R-491,Capnocytophaga,19,Bacteroidota,mouth,F,0
R-492,Capnocytophaga,36,Bacteroidota,anus,M,1
R-493,Capnocytophaga,6,Bacteroidota,anus,F,0
R-494,Capnocytophaga,21,Bacteroidota,mouth,M,0
R-495,Capnocytophaga,18,Bacteroidota,anus,F,1
R-496,Capnocytophaga,2,Bacteroidota,mouth,M,1
R-497,Capnocytophaga,23,Bacteroidota,mouth,F,0
R-498,Capnocytophaga,22,Bacteroidota,anus,F,0
R-499,Capnocytophaga,4,Bacteroidota,anus,M,0
R-500,Capnocytophaga,6,Bacteroidota,mouth,M,1
R-501,Capnocytophaga,35,Bacteroidota,anus,F,1
R-502,Capnocytophaga,25,Bacteroidota,mouth,M,1
R-503,Capnocytophaga,0,Bacteroidota,anus,F,1
R-504,Capnocytophaga,10,Bacteroidota,mouth,M,1
R-505,Capnocytophaga,17,Bacteroidota,anus,M,0
R-506,Capnocytophaga,16,Bacteroidota,anus,F,0
R-507,Capnocytophaga,18,Bacteroidota,anus,M,1
R-508,Capnocytophaga,22,Bacteroidota,anus,F,1
R-401,Pseudomonas,10,Proteobacteria,mouth,F,0
R-402,Pseudomonas,16,Proteobacteria,anus,M,0
R-403,Pseudomonas,24,Proteobacteria,anus,F,0
R-404,Pseudomonas,3,Proteobacteria,mouth,M,1
R-405,Pseudomonas,5,Proteobacteria,mouth,M,0
R-406,Pseudomonas,15,Proteobacteria,anus,F,0
R-407,Pseudomonas,22,Proteobacteria,mouth,M,1
R-408,Pseudomonas,0,Proteobacteria,anus,M,0
R-409,Pseudomonas,14,Proteobacteria,mouth,F,1
R-410,Pseudomonas,22,Proteobacteria,mouth,F,0
R-411,Pseudomonas,16,Proteobacteria,anus,F,1
R-412,Pseudomonas,30,Proteobacteria,anus,F,1
R-413,Pseudomonas,19,Proteobacteria,anus,F,1
R-414,Pseudomonas,19,Proteobacteria,anus,M,0
R-415,Pseudomonas,11,Proteobacteria,anus,M,0
R-416,Pseudomonas,5,Proteobacteria,anus,F,1
R-417,Pseudomonas,0,Proteobacteria,anus,M,0
R-418,Pseudomonas,35,Proteobacteria,mouth,M,1
R-419,Pseudomonas,4,Proteobacteria,anus,F,0
R-420,Pseudomonas,9,Proteobacteria,mouth,M,1
R-421,Pseudomonas,17,Proteobacteria,anus,M,1
R-422,Pseudomonas,25,Proteobacteria,mouth,M,0
R-423,Pseudomonas,24,Proteobacteria,mouth,M,0
R-424,Pseudomonas,11,Proteobacteria,anus,M,1
R-425,Pseudomonas,37,Proteobacteria,anus,F,0
R-426,Pseudomonas,16,Proteobacteria,anus,M,1
R-427,Pseudomonas,30,Proteobacteria,mouth,M,0
R-428,Pseudomonas,0,Proteobacteria,anus,F,1
R-429,Pseudomonas,31,Proteobacteria,anus,M,1
R-430,Pseudomonas,24,Proteobacteria,mouth,F,0
R-431,Pseudomonas,6,Proteobacteria,mouth,F,1
R-432,Pseudomonas,7,Proteobacteria,mouth,F,0
R-433,Pseudomonas,10,Proteobacteria,mouth,M,1
R-434,Pseudomonas,10,Proteobacteria,anus,F,0
R-435,Pseudomonas,16,Proteobacteria,anus,F,0
R-436,Pseudomonas,19,Proteobacteria,mouth,F,0
R-437,Pseudomonas,17,Proteobacteria,anus,M,0
R-438,Pseudomonas,12,Proteobacteria,anus,M,0
R-439,Pseudomonas,15,Proteobacteria,mouth,F,1
R-440,Pseudomonas,12,Proteobacteria,anus,F,0
R-441,Pseudomonas,11,Proteobacteria,mouth,M,1
R-442,Pseudomonas,7,Proteobacteria,anus,F,0
R-443,Pseudomonas,20,Proteobacteria,anus,M,0
R-444,Pseudomonas,16,Proteobacteria,mouth,F,1
R-445,Pseudomonas,0,Proteobacteria,mouth,M,1
R-446,Pseudomonas,5,Proteobacteria,anus,F,0
R-447,Pseudomonas,6,Proteobacteria,mouth,F,0
R-448,Pseudomonas,11,Proteobacteria,anus,M,1
R-449,Pseudomonas,26,Proteobacteria,anus,F,1
R-450,Pseudomonas,19,Proteobacteria,anus,M,1
R-451,Pseudomonas,21,Proteobacteria,anus,M,0
R-452,Pseudomonas,11,Proteobacteria,mouth,M,0
R-453,Pseudomonas,10,Proteobacteria,mouth,M,1
R-454,Pseudomonas,2,Proteobacteria,mouth,M,1
R-455,Pseudomonas,11,Proteobacteria,mouth,F,0
R-456,Pseudomonas,17,Proteobacteria,mouth,F,0
R-457,Pseudomonas,22,Proteobacteria,anus,F,0
R-458,Pseudomonas,18,Proteobacteria,mouth,M,1
R-459,Pseudomonas,0,Proteobacteria,anus,F,0
R-460,Pseudomonas,11,Proteobacteria,anus,F,0
R-461,Pseudomonas,12,Proteobacteria,anus,F,0
R-462,Pseudomonas,33,Proteobacteria,anus,F,1
R-463,Pseudomonas,12,Proteobacteria,mouth,F,0
R-464,Pseudomonas,10,Proteobacteria,anus,F,0
R-465,Pseudomonas,37,Proteobacteria,mouth,M,0
R-466,Pseudomonas,11,Proteobacteria,mouth,M,0
R-467,Pseudomonas,19,Proteobacteria,anus,M,1
R-468,Pseudomonas,19,Proteobacteria,mouth,F,0
R-469,Pseudomonas,15,Proteobacteria,mouth,M,0
R-470,Pseudomonas,7,Proteobacteria,mouth,F,1
R-471,Pseudomonas,25,Proteobacteria,anus,M,0
R-472,Pseudomonas,21,Proteobacteria,mouth,M,1
R-473,Pseudomonas,8,Proteobacteria,mouth,M,1
R-474,Pseudomonas,18,Proteobacteria,mouth,F,0
R-475,Pseudomonas,22,Proteobacteria,anus,F,1
R-476,Pseudomonas,8,Proteobacteria,mouth,M,0
R-477,Pseudomonas,25,Proteobacteria,mouth,F,1
R-478,Pseudomonas,19,Proteobacteria,mouth,F,0
R-479,Pseudomonas,26,Proteobacteria,anus,F,1
R-480,Pseudomonas,22,Proteobacteria,anus,F,1
R-481,Pseudomonas,15,Proteobacteria,anus,F,1
R-482,Pseudomonas,8,Proteobacteria,mouth,F,0
R-483,Pseudomonas,8,Proteobacteria,mouth,M,0
R-484,Pseudomonas,11,Proteobacteria,anus,M,0
R-485,Pseudomonas,15,Proteobacteria,anus,M,0
R-486,Pseudomonas,16,Proteobacteria,anus,F,1
R-487,Pseudomonas,28,Proteobacteria,mouth,M,0
R-488,Pseudomonas,18,Proteobacteria,mouth,F,1
R-489,Pseudomonas,9,Proteobacteria,anus,F,1
R-490,Pseudomonas,5,Proteobacteria,anus,F,0
R-491,Pseudomonas,20,Proteobacteria,mouth,F,0
R-492,Pseudomonas,25,Proteobacteria,anus,M,1
R-493,Pseudomonas,14,Proteobacteria,anus,F,0
R-494,Pseudomonas,20,Proteobacteria,mouth,M,0
R-495,Pseudomonas,17,Proteobacteria,anus,F,1
R-496,Pseudomonas,0,Proteobacteria,mouth,M,1
R-497,Pseudomonas,11,Proteobacteria,mouth,F,0
R-498,Pseudomonas,20,Proteobacteria,anus,F,0
R-499,Pseudomonas,17,Proteobacteria,anus,M,0
R-500,Pseudomonas,15,Proteobacteria,mouth,M,1
R-501,Pseudomonas,11,Proteobacteria,anus,F,1
R-502,Pseudomonas,15,Proteobacteria,mouth,M,1
R-503,Pseudomonas,1,Proteobacteria,anus,F,1
R-504,Pseudomonas,17,Proteobacteria,mouth,M,1
R-505,Pseudomonas,12,Proteobacteria,anus,M,0
R-506,Pseudomonas,18,Proteobacteria,anus,F,0
R-507,Pseudomonas,8,Proteobacteria,anus,M,1
R-508,Pseudomonas,15,Proteobacteria,anus,F,1
R-401,Sphingomonas,4,Proteobacteria,mouth,F,0
R-402,Sphingomonas,8,Proteobacteria,anus,M,0
R-403,Sphingomonas,3,Proteobacteria,anus,F,0
R-404,Sphingomonas,4,Proteobacteria,mouth,M,1
R-405,Sphingomonas,9,Proteobacteria,mouth,M,0
R-406,Sphingomonas,4,Proteobacteria,anus,F,0
R-407,Sphingomonas,17,Proteobacteria,mouth,M,1
R-408,Sphingomonas,24,Proteobacteria,anus,M,0
R-409,Sphingomonas,1,Proteobacteria,mouth,F,1
R-410,Sphingomonas,19,Proteobacteria,mouth,F,0
R-411,Sphingomonas,7,Proteobacteria,anus,F,1
R-412,Sphingomonas,27,Proteobacteria,anus,F,1
R-413,Sphingomonas,14,Proteobacteria,anus,F,1
R-414,Sphingomonas,13,Proteobacteria,anus,M,0
R-415,Sphingomonas,5,Proteobacteria,anus,M,0
R-416,Sphingomonas,0,Proteobacteria,anus,F,1
R-417,Sphingomonas,18,Proteobacteria,anus,M,0
R-418,Sphingomonas,6,Proteobacteria,mouth,M,1
R-419,Sphingomonas,11,Proteobacteria,anus,F,0
R-420,Sphingomonas,4,Proteobacteria,mouth,M,1
R-421,Sphingomonas,9,Proteobacteria,anus,M,1
R-422,Sphingomonas,18,Proteobacteria,mouth,M,0
R-423,Sphingomonas,30,Proteobacteria,mouth,M,0
R-424,Sphingomonas,14,Proteobacteria,anus,M,1
R-425,Sphingomonas,0,Proteobacteria,anus,F,0
R-426,Sphingomonas,0,Proteobacteria,anus,M,1
R-427,Sphingomonas,13,Proteobacteria,mouth,M,0
R-428,Sphingomonas,2,Proteobacteria,anus,F,1
R-429,Sphingomonas,18,Proteobacteria,anus,M,1
R-430,Sphingomonas,21,Proteobacteria,mouth,F,0
R-431,Sphingomonas,25,Proteobacteria,mouth,F,1
R-432,Sphingomonas,6,Proteobacteria,mouth,F,0
R-433,Sphingomonas,6,Proteobacteria,mouth,M,1
R-434,Sphingomonas,26,Proteobacteria,anus,F,0
R-435,Sphingomonas,6,Proteobacteria,anus,F,0
R-436,Sphingomonas,0,Proteobacteria,mouth,F,0
R-437,Sphingomonas,10,Proteobacteria,anus,M,0
R-438,Sphingomonas,12,Proteobacteria,anus,M,0
R-439,Sphingomonas,33,Proteobacteria,mouth,F,1
R-440,Sphingomonas,12,Proteobacteria,anus,F,0
R-441,Sphingomonas,6,Proteobacteria,mouth,M,1
R-442,Sphingomonas,19,Proteobacteria,anus,F,0
R-443,Sphingomonas,13,Proteobacteria,anus,M,0
R-444,Sphingomonas,16,Proteobacteria,mouth,F,1
R-445,Sphingomonas,14,Proteobacteria,mouth,M,1
R-446,Sphingomonas,2,Proteobacteria,anus,F,0
R-447,Sphingomonas,15,Proteobacteria,mouth,F,0
R-448,Sphingomonas,27,Proteobacteria,anus,M,1
R-449,Sphingomonas,23,Proteobacteria,anus,F,1
R-450,Sphingomonas,9,Proteobacteria,anus,M,1
R-451,Sphingomonas,18,Proteobacteria,anus,M,0
R-452,Sphingomonas,7,Proteobacteria,mouth,M,0
R-453,Sphingomonas,10,Proteobacteria,mouth,M,1
R-454,Sphingomonas,26,Proteobacteria,mouth,M,1
R-455,Sphingomonas,18,Proteobacteria,mouth,F,0
R-456,Sphingomonas,7,Proteobacteria,mouth,F,0
R-457,Sphingomonas,15,Proteobacteria,anus,F,0
R-458,Sphingomonas,8,Proteobacteria,mouth,M,1
R-459,Sphingomonas,3,Proteobacteria,anus,F,0
R-460,Sphingomonas,25,Proteobacteria,anus,F,0
R-461,Sphingomonas,11,Proteobacteria,anus,F,0
R-462,Sphingomonas,24,Proteobacteria,anus,F,1
R-463,Sphingomonas,22,Proteobacteria,mouth,F,0
R-464,Sphingomonas,16,Proteobacteria,anus,F,0
R-465,Sphingomonas,28,Proteobacteria,mouth,M,0
R-466,Sphingomonas,24,Proteobacteria,mouth,M,0
R-467,Sphingomonas,2,Proteobacteria,anus,M,1
R-468,Sphingomonas,20,Proteobacteria,mouth,F,0
R-469,Sphingomonas,6,Proteobacteria,mouth,M,0
R-470,Sphingomonas,7,Proteobacteria,mouth,F,1
R-471,Sphingomonas,15,Proteobacteria,anus,M,0
R-472,Sphingomonas,28,Proteobacteria,mouth,M,1
R-473,Sphingomonas,2,Proteobacteria,mouth,M,1
R-474,Sphingomonas,12,Proteobacteria,mouth,F,0
R-475,Sphingomonas,35,Proteobacteria,anus,F,1
R-476,Sphingomonas,22,Proteobacteria,mouth,M,0
R-477,Sphingomonas,0,Proteobacteria,mouth,F,1
R-478,Sphingomonas,36,Proteobacteria,mouth,F,0
R-479,Sphingomonas,30,Proteobacteria,anus,F,1
R-480,Sphingomonas,17,Proteobacteria,anus,F,1
R-481,Sphingomonas,6,Proteobacteria,anus,F,1
R-482,Sphingomonas,24,Proteobacteria,mouth,F,0
R-483,Sphingomonas,5,Proteobacteria,mouth,M,0
R-484,Sphingomonas,17,Proteobacteria,anus,M,0
R-485,Sphingomonas,0,Proteobacteria,anus,M,0
R-486,Sphingomonas,3,Proteobacteria,anus,F,1
R-487,Sphingomonas,17,Proteobacteria,mouth,M,0
R-488,Sphingomonas,8,Proteobacteria,mouth,F,1
R-489,Sphingomonas,17,Proteobacteria,anus,F,1
R-490,Sphingomonas,4,Proteobacteria,anus,F,0
R-491,Sphingomonas,16,Proteobacteria,mouth,F,0
R-492,Sphingomonas,7,Proteobacteria,anus,M,1
R-493,Sphingomonas,31,Proteobacteria,anus,F,0
R-494,Sphingomonas,4,Proteobacteria,mouth,M,0
R-495,Sphingomonas,8,Proteobacteria,anus,F,1
R-496,Sphingomonas,3,Proteobacteria,mouth,M,1
R-497,Sphingomonas,10,Proteobacteria,mouth,F,0
R-498,Sphingomonas,12,Proteobacteria,anus,F,0
R-499,Sphingomonas,18,Proteobacteria,anus,M,0
R-500,Sphingomonas,12,Proteobacteria,mouth,M,1
R-501,Sphingomonas,3,Proteobacteria,anus,F,1
R-502,Sphingomonas,9,Proteobacteria,mouth,M,1
R-503,Sphingomonas,15,Proteobacteria,anus,F,1
R-504,Sphingomonas,15,Proteobacteria,mouth,M,1
R-505,Sphingomonas,26,Proteobacteria,anus,M,0
R-506,Sphingomonas,23,Proteobacteria,anus,F,0
R-507,Sphingomonas,16,Proteobacteria,anus,M,1
R-508,Sphingomonas,12,Proteobacteria,anus,F,1
R-401,Xylophilus,4,Proteobacteria,mouth,F,0
R-402,Xylophilus,27,Proteobacteria,anus,M,0
R-403,Xylophilus,23,Proteobacteria,anus,F,0
R-404,Xylophilus,0,Proteobacteria,mouth,M,1
R-405,Xylophilus,20,Proteobacteria,mouth,M,0
R-406,Xylophilus,15,Proteobacteria,anus,F,0
R-407,Xylophilus,0,Proteobacteria,mouth,M,1
R-408,Xylophilus,28,Proteobacteria,anus,M,0
R-409,Xylophilus,7,Proteobacteria,mouth,F,1
R-410,Xylophilus,20,Proteobacteria,mouth,F,0
R-411,Xylophilus,17,Proteobacteria,anus,F,1
R-412,Xylophilus,16,Proteobacteria,anus,F,1
R-413,Xylophilus,29,Proteobacteria,anus,F,1
R-414,Xylophilus,24,Proteobacteria,anus,M,0
R-415,Xylophilus,31,Proteobacteria,anus,M,0
R-416,Xylophilus,5,Proteobacteria,anus,F,1
R-417,Xylophilus,15,Proteobacteria,anus,M,0
R-418,Xylophilus,10,Proteobacteria,mouth,M,1
R-419,Xylophilus,10,Proteobacteria,anus,F,0
R-420,Xylophilus,20,Proteobacteria,mouth,M,1
R-421,Xylophilus,4,Proteobacteria,anus,M,1
R-422,Xylophilus,14,Proteobacteria,mouth,M,0
R-423,Xylophilus,9,Proteobacteria,mouth,M,0
R-424,Xylophilus,14,Proteobacteria,anus,M,1
R-425,Xylophilus,4,Proteobacteria,anus,F,0
R-426,Xylophilus,0,Proteobacteria,anus,M,1
R-427,Xylophilus,0,Proteobacteria,mouth,M,0
R-428,Xylophilus,8,Proteobacteria,anus,F,1
R-429,Xylophilus,25,Proteobacteria,anus,M,1
R-430,Xylophilus,15,Proteobacteria,mouth,F,0
R-431,Xylophilus,12,Proteobacteria,mouth,F,1
R-432,Xylophilus,4,Proteobacteria,mouth,F,0
R-433,Xylophilus,34,Proteobacteria,mouth,M,1
R-434,Xylophilus,6,Proteobacteria,anus,F,0
R-435,Xylophilus,33,Proteobacteria,anus,F,0
R-436,Xylophilus,18,Proteobacteria,mouth,F,0
R-437,Xylophilus,21,Proteobacteria,anus,M,0
R-438,Xylophilus,25,Proteobacteria,anus,M,0
R-439,Xylophilus,16,Proteobacteria,mouth,F,1
R-440,Xylophilus,2,Proteobacteria,anus,F,0
R-441,Xylophilus,13,Proteobacteria,mouth,M,1
R-442,Xylophilus,0,Proteobacteria,anus,F,0
R-443,Xylophilus,20,Proteobacteria,anus,M,0
R-444,Xylophilus,14,Proteobacteria,mouth,F,1
R-445,Xylophilus,7,Proteobacteria,mouth,M,1
R-446,Xylophilus,18,Proteobacteria,anus,F,0
R-447,Xylophilus,20,Proteobacteria,mouth,F,0
R-448,Xylophilus,0,Proteobacteria,anus,M,1
R-449,Xylophilus,27,Proteobacteria,anus,F,1
R-450,Xylophilus,8,Proteobacteria,anus,M,1
R-451,Xylophilus,21,Proteobacteria,anus,M,0
R-452,Xylophilus,16,Proteobacteria,mouth,M,0
R-453,Xylophilus,8,Proteobacteria,mouth,M,1
R-454,Xylophilus,21,Proteobacteria,mouth,M,1
R-455,Xylophilus,5,Proteobacteria,mouth,F,0
R-456,Xylophilus,23,Proteobacteria,mouth,F,0
R-457,Xylophilus,12,Proteobacteria,anus,F,0
R-458,Xylophilus,22,Proteobacteria,mouth,M,1
R-459,Xylophilus,1,Proteobacteria,anus,F,0
R-460,Xylophilus,24,Proteobacteria,anus,F,0
R-461,Xylophilus,2,Proteobacteria,anus,F,0
R-462,Xylophilus,12,Proteobacteria,anus,F,1
R-463,Xylophilus,26,Proteobacteria,mouth,F,0
R-464,Xylophilus,17,Proteobacteria,anus,F,0
R-465,Xylophilus,19,Proteobacteria,mouth,M,0
R-466,Xylophilus,2,Proteobacteria,mouth,M,0
R-467,Xylophilus,7,Proteobacteria,anus,M,1
R-468,Xylophilus,21,Proteobacteria,mouth,F,0
R-469,Xylophilus,17,Proteobacteria,mouth,M,0
R-470,Xylophilus,30,Proteobacteria,mouth,F,1
R-471,Xylophilus,13,Proteobacteria,anus,M,0
R-472,Xylophilus,20,Proteobacteria,mouth,M,1
R-473,Xylophilus,16,Proteobacteria,mouth,M,1
R-474,Xylophilus,20,Proteobacteria,mouth,F,0
R-475,Xylophilus,27,Proteobacteria,anus,F,1
R-476,Xylophilus,17,Proteobacteria,mouth,M,0
R-477,Xylophilus,0,Proteobacteria,mouth,F,1
R-478,Xylophilus,2,Proteobacteria,mouth,F,0
R-479,Xylophilus,24,Proteobacteria,anus,F,1
R-480,Xylophilus,7,Proteobacteria,anus,F,1
R-481,Xylophilus,4,Proteobacteria,anus,F,1
R-482,Xylophilus,1,Proteobacteria,mouth,F,0
R-483,Xylophilus,24,Proteobacteria,mouth,M,0
R-484,Xylophilus,14,Proteobacteria,anus,M,0
R-485,Xylophilus,39,Proteobacteria,anus,M,0
R-486,Xylophilus,25,Proteobacteria,anus,F,1
R-487,Xylophilus,24,Proteobacteria,mouth,M,0
R-488,Xylophilus,18,Proteobacteria,mouth,F,1
R-489,Xylophilus,0,Proteobacteria,anus,F,1
R-490,Xylophilus,8,Proteobacteria,anus,F,0
R-491,Xylophilus,25,Proteobacteria,mouth,F,0
R-492,Xylophilus,12,Proteobacteria,anus,M,1
R-493,Xylophilus,13,Proteobacteria,anus,F,0
R-494,Xylophilus,22,Proteobacteria,mouth,M,0
R-495,Xylophilus,16,Proteobacteria,anus,F,1
R-496,Xylophilus,6,Proteobacteria,mouth,M,1
R-497,Xylophilus,22,Proteobacteria,mouth,F,0
R-498,Xylophilus,18,Proteobacteria,anus,F,0
R-499,Xylophilus,10,Proteobacteria,anus,M,0
R-500,Xylophilus,4,Proteobacteria,mouth,M,1
R-501,Xylophilus,18,Proteobacteria,anus,F,1
R-502,Xylophilus,39,Proteobacteria,mouth,M,1
R-503,Xylophilus,21,Proteobacteria,anus,F,1
R-504,Xylophilus,10,Proteobacteria,mouth,M,1
R-505,Xylophilus,20,Proteobacteria,anus,M,0
R-506,Xylophilus,11,Proteobacteria,anus,F,0
R-507,Xylophilus,17,Proteobacteria,anus,M,1
R-508,Xylophilus,15,Proteobacteria,anus,F,1
R-401,Olsenella,33,Actinobacteriota,mouth,F,0
R-402,Olsenella,13,Actinobacteriota,anus,M,0
R-403,Olsenella,0,Actinobacteriota,anus,F,0
R-404,Olsenella,21,Actinobacteriota,mouth,M,1
R-405,Olsenella,11,Actinobacteriota,mouth,M,0
R-406,Olsenella,26,Actinobacteriota,anus,F,0
R-407,Olsenella,16,Actinobacteriota,mouth,M,1
R-408,Olsenella,0,Actinobacteriota,anus,M,0
R-409,Olsenella,7,Actinobacteriota,mouth,F,1
R-410,Olsenella,7,Actinobacteriota,mouth,F,0
R-411,Olsenella,28,Actinobacteriota,anus,F,1
R-412,Olsenella,23,Actinobacteriota,anus,F,1
R-413,Olsenella,0,Actinobacteriota,anus,F,1
R-414,Olsenella,16,Actinobacteriota,anus,M,0
R-415,Olsenella,14,Actinobacteriota,anus,M,0
R-416,Olsenella,4,Actinobacteriota,anus,F,1
R-417,Olsenella,0,Actinobacteriota,anus,M,0
R-418,Olsenella,5,Actinobacteriota,mouth,M,1
R-419,Olsenella,11,Actinobacteriota,anus,F,0
R-420,Olsenella,5,Actinobacteriota,mouth,M,1
R-421,Olsenella,27,Actinobacteriota,anus,M,1
R-422,Olsenella,29,Actinobacteriota,mouth,M,0
R-423,Olsenella,6,Actinobacteriota,mouth,M,0
R-424,Olsenella,21,Actinobacteriota,anus,M,1
R-425,Olsenella,31,Actinobacteriota,anus,F,0
R-426,Olsenella,0,Actinobacteriota,anus,M,1
R-427,Olsenella,19,Actinobacteriota,mouth,M,0
R-428,Olsenella,7,Actinobacteriota,anus,F,1
R-429,Olsenella,0,Actinobacteriota,anus,M,1
R-430,Olsenella,0,Actinobacteriota,mouth,F,0
R-431,Olsenella,21,Actinobacteriota,mouth,F,1
R-432,Olsenella,19,Actinobacteriota,mouth,F,0
R-433,Olsenella,23,Actinobacteriota,mouth,M,1
R-434,Olsenella,15,Actinobacteriota,anus,F,0
R-435,Olsenella,25,Actinobacteriota,anus,F,0
R-436,Olsenella,18,Actinobacteriota,mouth,F,0
R-437,Olsenella,7,Actinobacteriota,anus,M,0
R-438,Olsenella,13,Actinobacteriota,anus,M,0
R-439,Olsenella,9,Actinobacteriota,mouth,F,1
R-440,Olsenella,13,Actinobacteriota,anus,F,0
R-441,Olsenella,20,Actinobacteriota,mouth,M,1
R-442,Olsenella,16,Actinobacteriota,anus,F,0
R-443,Olsenella,9,Actinobacteriota,anus,M,0
R-444,Olsenella,13,Actinobacteriota,mouth,F,1
R-445,Olsenella,14,Actinobacteriota,mouth,M,1
R-446,Olsenella,0,Actinobacteriota,anus,F,0
R-447,Olsenella,3,Actinobacteriota,mouth,F,0
R-448,Olsenella,21,Actinobacteriota,anus,M,1
R-449,Olsenella,10,Actinobacteriota,anus,F,1
R-450,Olsenella,4,Actinobacteriota,anus,M,1
R-451,Olsenella,25,Actinobacteriota,anus,M,0
R-452,Olsenella,17,Actinobacteriota,mouth,M,0
R-453,Olsenella,7,Actinobacteriota,mouth,M,1
R-454,Olsenella,16,Actinobacteriota,mouth,M,1
R-455,Olsenella,9,Actinobacteriota,mouth,F,0
R-456,Olsenella,34,Actinobacteriota,mouth,F,0
R-457,Olsenella,20,Actinobacteriota,anus,F,0
R-458,Olsenella,10,Actinobacteriota,mouth,M,1
R-459,Olsenella,13,Actinobacteriota,anus,F,0
R-460,Olsenella,12,Actinobacteriota,anus,F,0
R-461,Olsenella,12,Actinobacteriota,anus,F,0
R-462,Olsenella,4,Actinobacteriota,anus,F,1
R-463,Olsenella,15,Actinobacteriota,mouth,F,0
R-464,Olsenella,24,Actinobacteriota,anus,F,0
R-465,Olsenella,15,Actinobacteriota,mouth,M,0
R-466,Olsenella,20,Actinobacteriota,mouth,M,0
R-467,Olsenella,13,Actinobacteriota,anus,M,1
R-468,Olsenella,11,Actinobacteriota,mouth,F,0
R-469,Olsenella,27,Actinobacteriota,mouth,M,0
R-470,Olsenella,18,Actinobacteriota,mouth,F,1
R-471,Olsenella,13,Actinobacteriota,anus,M,0
R-472,Olsenella,9,Actinobacteriota,mouth,M,1
R-473,Olsenella,13,Actinobacteriota,mouth,M,1
R-474,Olsenella,27,Actinobacteriota,mouth,F,0
R-475,Olsenella,12,Actinobacteriota,anus,F,1
R-476,Olsenella,19,Actinobacteriota,mouth,M,0
R-477,Olsenella,4,Actinobacteriota,mouth,F,1
R-478,Olsenella,9,Actinobacteriota,mouth,F,0
R-479,Olsenella,21,Actinobacteriota,anus,F,1
R-480,Olsenella,9,Actinobacteriota,anus,F,1
R-481,Olsenella,8,Actinobacteriota,anus,F,1
R-482,Olsenella,12,Actinobacteriota,mouth,F,0
R-483,Olsenella,20,Actinobacteriota,mouth,M,0
R-484,Olsenella,27,Actinobacteriota,anus,M,0
R-485,Olsenella,26,Actinobacteriota,anus,M,0
R-486,Olsenella,19,Actinobacteriota,anus,F,1
R-487,Olsenella,2,Actinobacteriota,mouth,M,0
R-488,Olsenella,8,Actinobacteriota,mouth,F,1
R-489,Olsenella,13,Actinobacteriota,anus,F,1
R-490,Olsenella,0,Actinobacteriota,anus,F,0
R-491,Olsenella,22,Actinobacteriota,mouth,F,0
R-492,Olsenella,9,Actinobacteriota,anus,M,1
R-493,Olsenella,6,Actinobacteriota,anus,F,0
R-494,Olsenella,11,Actinobacteriota,mouth,M,0
R-495,Olsenella,15,Actinobacteriota,anus,F,1
R-496,Olsenella,15,Actinobacteriota,mouth,M,1
R-497,Olsenella,15,Actinobacteriota,mouth,F,0
R-498,Olsenella,24,Actinobacteriota,anus,F,0
R-499,Olsenella,8,Actinobacteriota,anus,M,0
R-500,Olsenella,10,Actinobacteriota,mouth,M,1
R-501,Olsenella,10,Actinobacteriota,anus,F,1
R-502,Olsenella,11,Actinobacteriota,mouth,M,1
R-503,Olsenella,18,Actinobacteriota,anus,F,1
R-504,Olsenella,3,Actinobacteriota,mouth,M,1
R-505,Olsenella,9,Actinobacteriota,anus,M,0
R-506,Olsenella,6,Actinobacteriota,anus,F,0
R-507,Olsenella,19,Actinobacteriota,anus,M,1
R-508,Olsenella,12,Actinobacteriota,anus,F,1
R-401,Monoglobus,19,Firmicutes,mouth,F,0
R-402,Monoglobus,34,Firmicutes,anus,M,0
R-403,Monoglobus,11,Firmicutes,anus,F,0
R-404,Monoglobus,23,Firmicutes,mouth,M,1
R-405,Monoglobus,20,Firmicutes,mouth,M,0
R-406,Monoglobus,6,Firmicutes,anus,F,0
R-407,Monoglobus,27,Firmicutes,mouth,M,1
R-408,Monoglobus,0,Firmicutes,anus,M,0
R-409,Monoglobus,1,Firmicutes,mouth,F,1
R-410,Monoglobus,25,Firmicutes,mouth,F,0
R-411,Monoglobus,8,Firmicutes,anus,F,1
R-412,Monoglobus,0,Firmicutes,anus,F,1
R-413,Monoglobus,31,Firmicutes,anus,F,1
R-414,Monoglobus,1,Firmicutes,anus,M,0
R-415,Monoglobus,24,Firmicutes,anus,M,0
R-416,Monoglobus,5,Firmicutes,anus,F,1
R-417,Monoglobus,11,Firmicutes,anus,M,0
R-418,Monoglobus,30,Firmicutes,mouth,M,1
R-419,Monoglobus,15,Firmicutes,anus,F,0
R-420,Monoglobus,1,Firmicutes,mouth,M,1
R-421,Monoglobus,33,Firmicutes,anus,M,1
R-422,Monoglobus,27,Firmicutes,mouth,M,0
R-423,Monoglobus,7,Firmicutes,mouth,M,0
R-424,Monoglobus,20,Firmicutes,anus,M,1
R-425,Monoglobus,23,Firmicutes,anus,F,0
R-426,Monoglobus,9,Firmicutes,anus,M,1
R-427,Monoglobus,7,Firmicutes,mouth,M,0
R-428,Monoglobus,21,Firmicutes,anus,F,1
R-429,Monoglobus,7,Firmicutes,anus,M,1
R-430,Monoglobus,11,Firmicutes,mouth,F,0
R-431,Monoglobus,26,Firmicutes,mouth,F,1
R-432,Monoglobus,15,Firmicutes,mouth,F,0
R-433,Monoglobus,23,Firmicutes,mouth,M,1
R-434,Monoglobus,7,Firmicutes,anus,F,0
R-435,Monoglobus,13,Firmicutes,anus,F,0
R-436,Monoglobus,26,Firmicutes,mouth,F,0
R-437,Monoglobus,6,Firmicutes,anus,M,0
R-438,Monoglobus,17,Firmicutes,anus,M,0
R-439,Monoglobus,23,Firmicutes,mouth,F,1
R-440,Monoglobus,24,Firmicutes,anus,F,0
R-441,Monoglobus,36,Firmicutes,mouth,M,1
R-442,Monoglobus,9,Firmicutes,anus,F,0
R-443,Monoglobus,15,Firmicutes,anus,M,0
R-444,Monoglobus,0,Firmicutes,mouth,F,1
R-445,Monoglobus,0,Firmicutes,mouth,M,1
R-446,Monoglobus,19,Firmicutes,anus,F,0
R-447,Monoglobus,4,Firmicutes,mouth,F,0
R-448,Monoglobus,17,Firmicutes,anus,M,1
R-449,Monoglobus,24,Firmicutes,anus,F,1
R-450,Monoglobus,13,Firmicutes,anus,M,1
R-451,Monoglobus,11,Firmicutes,anus,M,0
R-452,Monoglobus,3,Firmicutes,mouth,M,0
R-453,Monoglobus,6,Firmicutes,mouth,M,1
R-454,Monoglobus,24,Firmicutes,mouth,M,1
R-455,Monoglobus,29,Firmicutes,mouth,F,0
R-456,Monoglobus,26,Firmicutes,mouth,F,0
R-457,Monoglobus,3,Firmicutes,anus,F,0
R-458,Monoglobus,21,Firmicutes,mouth,M,1
R-459,Monoglobus,26,Firmicutes,anus,F,0
R-460,Monoglobus,6,Firmicutes,anus,F,0
R-461,Monoglobus,16,Firmicutes,anus,F,0
R-462,Monoglobus,4,Firmicutes,anus,F,1
R-463,Monoglobus,21,Firmicutes,mouth,F,0
R-464,Monoglobus,6,Firmicutes,anus,F,0
R-465,Monoglobus,16,Firmicutes,mouth,M,0
R-466,Monoglobus,19,Firmicutes,mouth,M,0
R-467,Monoglobus,10,Firmicutes,anus,M,1
R-468,Monoglobus,18,Firmicutes,mouth,F,0
R-469,Monoglobus,26,Firmicutes,mouth,M,0
R-470,Monoglobus,19,Firmicutes,mouth,F,1
R-471,Monoglobus,2,Firmicutes,anus,M,0
R-472,Monoglobus,23,Firmicutes,mouth,M,1
R-473,Monoglobus,14,Firmicutes,mouth,M,1
R-474,Monoglobus,10,Firmicutes,mouth,F,0
R-475,Monoglobus,12,Firmicutes,anus,F,1
R-476,Monoglobus,4,Firmicutes,mouth,M,0
R-477,Monoglobus,11,Firmicutes,mouth,F,1
R-478,Monoglobus,20,Firmicutes,mouth,F,0
R-479,Monoglobus,8,Firmicutes,anus,F,1
R-480,Monoglobus,14,Firmicutes,anus,F,1
R-481,Monoglobus,20,Firmicutes,anus,F,1
R-482,Monoglobus,7,Firmicutes,mouth,F,0
R-483,Monoglobus,4,Firmicutes,mouth,M,0
R-484,Monoglobus,8,Firmicutes,anus,M,0
R-485,Monoglobus,17,Firmicutes,anus,M,0
R-486,Monoglobus,7,Firmicutes,anus,F,1
R-487,Monoglobus,21,Firmicutes,mouth,M,0
R-488,Monoglobus,35,Firmicutes,mouth,F,1
R-489,Monoglobus,19,Firmicutes,anus,F,1
R-490,Monoglobus,16,Firmicutes,anus,F,0
R-491,Monoglobus,10,Firmicutes,mouth,F,0
R-492,Monoglobus,20,Firmicutes,anus,M,1
R-493,Monoglobus,10,Firmicutes,anus,F,0
R-494,Monoglobus,12,Firmicutes,mouth,M,0
R-495,Monoglobus,13,Firmicutes,anus,F,1
R-496,Monoglobus,8,Firmicutes,mouth,M,1
R-497,Monoglobus,0,Firmicutes,mouth,F,0
R-498,Monoglobus,23,Firmicutes,anus,F,0
R-499,Monoglobus,9,Firmicutes,anus,M,0
R-500,Monoglobus,33,Firmicutes,mouth,M,1
R-501,Monoglobus,15,Firmicutes,anus,F,1
R-502,Monoglobus,13,Firmicutes,mouth,M,1
R-503,Monoglobus,12,Firmicutes,anus,F,1
R-504,Monoglobus,12,Firmicutes,mouth,M,1
R-505,Monoglobus,0,Firmicutes,anus,M,0
R-506,Monoglobus,9,Firmicutes,anus,F,0
R-507,Monoglobus,20,Firmicutes,anus,M,1
R-508,Monoglobus,13,Firmicutes,anus,F,1
R-401,Roseisolibacter,12,Gemmatimonadota,mouth,F,0
R-402,Roseisolibacter,13,Gemmatimonadota,anus,M,0
R-403,Roseisolibacter,20,Gemmatimonadota,anus,F,0
R-404,Roseisolibacter,29,Gemmatimonadota,mouth,M,1
R-405,Roseisolibacter,12,Gemmatimonadota,mouth,M,0
R-406,Roseisolibacter,19,Gemmatimonadota,anus,F,0
R-407,Roseisolibacter,17,Gemmatimonadota,mouth,M,1
R-408,Roseisolibacter,23,Gemmatimonadota,anus,M,0
R-409,Roseisolibacter,7,Gemmatimonadota,mouth,F,1
R-410,Roseisolibacter,0,Gemmatimonadota,mouth,F,0
R-411,Roseisolibacter,2,Gemmatimonadota,anus,F,1
R-412,Roseisolibacter,20,Gemmatimonadota,anus,F,1
R-413,Roseisolibacter,22,Gemmatimonadota,anus,F,1
R-414,Roseisolibacter,3,Gemmatimonadota,anus,M,0
R-415,Roseisolibacter,12,Gemmatimonadota,anus,M,0
R-416,Roseisolibacter,17,Gemmatimonadota,anus,F,1
R-417,Roseisolibacter,24,Gemmatimonadota,anus,M,0
R-418,Roseisolibacter,14,Gemmatimonadota,mouth,M,1
R-419,Roseisolibacter,25,Gemmatimonadota,anus,F,0
R-420,Roseisolibacter,17,Gemmatimonadota,mouth,M,1
R-421,Roseisolibacter,16,Gemmatimonadota,anus,M,1
R-422,Roseisolibacter,16,Gemmatimonadota,mouth,M,0
R-423,Roseisolibacter,27,Gemmatimonadota,mouth,M,0
R-424,Roseisolibacter,21,Gemmatimonadota,anus,M,1
R-425,Roseisolibacter,17,Gemmatimonadota,anus,F,0
R-426,Roseisolibacter,11,Gemmatimonadota,anus,M,1
R-427,Roseisolibacter,13,Gemmatimonadota,mouth,M,0
R-428,Roseisolibacter,14,Gemmatimonadota,anus,F,1
R-429,Roseisolibacter,10,Gemmatimonadota,anus,M,1
R-430,Roseisolibacter,27,Gemmatimonadota,mouth,F,0
R-431,Roseisolibacter,8,Gemmatimonadota,mouth,F,1
R-432,Roseisolibacter,20,Gemmatimonadota,mouth,F,0
R-433,Roseisolibacter,13,Gemmatimonadota,mouth,M,1
R-434,Roseisolibacter,22,Gemmatimonadota,anus,F,0
R-435,Roseisolibacter,12,Gemmatimonadota,anus,F,0
R-436,Roseisolibacter,10,Gemmatimonadota,mouth,F,0
R-437,Roseisolibacter,9,Gemmatimonadota,anus,M,0
R-438,Roseisolibacter,0,Gemmatimonadota,anus,M,0
R-439,Roseisolibacter,21,Gemmatimonadota,mouth,F,1
R-440,Roseisolibacter,9,Gemmatimonadota,anus,F,0
R-441,Roseisolibacter,24,Gemmatimonadota,mouth,M,1
R-442,Roseisolibacter,18,Gemmatimonadota,anus,F,0
R-443,Roseisolibacter,16,Gemmatimonadota,anus,M,0
R-444,Roseisolibacter,2,Gemmatimonadota,mouth,F,1
R-445,Roseisolibacter,21,Gemmatimonadota,mouth,M,1
R-446,Roseisolibacter,16,Gemmatimonadota,anus,F,0
R-447,Roseisolibacter,12,Gemmatimonadota,mouth,F,0
R-448,Roseisolibacter,10,Gemmatimonadota,anus,M,1
R-449,Roseisolibacter,13,Gemmatimonadota,anus,F,1
R-450,Roseisolibacter,14,Gemmatimonadota,anus,M,1
R-451,Roseisolibacter,3,Gemmatimonadota,anus,M,0
R-452,Roseisolibacter,18,Gemmatimonadota,mouth,M,0
R-453,Roseisolibacter,4,Gemmatimonadota,mouth,M,1
R-454,Roseisolibacter,23,Gemmatimonadota,mouth,M,1
R-455,Roseisolibacter,16,Gemmatimonadota,mouth,F,0
R-456,Roseisolibacter,14,Gemmatimonadota,mouth,F,0
R-457,Roseisolibacter,27,Gemmatimonadota,anus,F,0
R-458,Roseisolibacter,18,Gemmatimonadota,mouth,M,1
R-459,Roseisolibacter,13,Gemmatimonadota,anus,F,0
R-460,Roseisolibacter,4,Gemmatimonadota,anus,F,0
R-461,Roseisolibacter,20,Gemmatimonadota,anus,F,0
R-462,Roseisolibacter,22,Gemmatimonadota,anus,F,1
R-463,Roseisolibacter,8,Gemmatimonadota,mouth,F,0
R-464,Roseisolibacter,11,Gemmatimonadota,anus,F,0
R-465,Roseisolibacter,42,Gemmatimonadota,mouth,M,0
R-466,Roseisolibacter,8,Gemmatimonadota,mouth,M,0
R-467,Roseisolibacter,5,Gemmatimonadota,anus,M,1
R-468,Roseisolibacter,17,Gemmatimonadota,mouth,F,0
R-469,Roseisolibacter,17,Gemmatimonadota,mouth,M,0
R-470,Roseisolibacter,18,Gemmatimonadota,mouth,F,1
R-471,Roseisolibacter,9,Gemmatimonadota,anus,M,0
R-472,Roseisolibacter,0,Gemmatimonadota,mouth,M,1
R-473,Roseisolibacter,30,Gemmatimonadota,mouth,M,1
R-474,Roseisolibacter,8,Gemmatimonadota,mouth,F,0
R-475,Roseisolibacter,17,Gemmatimonadota,anus,F,1
R-476,Roseisolibacter,12,Gemmatimonadota,mouth,M,0
R-477,Roseisolibacter,3,Gemmatimonadota,mouth,F,1
R-478,Roseisolibacter,7,Gemmatimonadota,mouth,F,0
R-479,Roseisolibacter,7,Gemmatimonadota,anus,F,1
R-480,Roseisolibacter,0,Gemmatimonadota,anus,F,1
R-481,Roseisolibacter,0,Gemmatimonadota,anus,F,1
R-482,Roseisolibacter,0,Gemmatimonadota,mouth,F,0
R-483,Roseisolibacter,10,Gemmatimonadota,mouth,M,0
R-484,Roseisolibacter,17,Gemmatimonadota,anus,M,0
R-485,Roseisolibacter,19,Gemmatimonadota,anus,M,0
R-486,Roseisolibacter,14,Gemmatimonadota,anus,F,1
R-487,Roseisolibacter,0,Gemmatimonadota,mouth,M,0
R-488,Roseisolibacter,22,Gemmatimonadota,mouth,F,1
R-489,Roseisolibacter,10,Gemmatimonadota,anus,F,1
R-490,Roseisolibacter,9,Gemmatimonadota,anus,F,0
R-491,Roseisolibacter,13,Gemmatimonadota,mouth,F,0
R-492,Roseisolibacter,2,Gemmatimonadota,anus,M,1
R-493,Roseisolibacter,11,Gemmatimonadota,anus,F,0
R-494,Roseisolibacter,18,Gemmatimonadota,mouth,M,0
R-495,Roseisolibacter,25,Gemmatimonadota,anus,F,1
R-496,Roseisolibacter,34,Gemmatimonadota,mouth,M,1
R-497,Roseisolibacter,19,Gemmatimonadota,mouth,F,0
R-498,Roseisolibacter,18,Gemmatimonadota,anus,F,0
R-499,Roseisolibacter,26,Gemmatimonadota,anus,M,0
R-500,Roseisolibacter,14,Gemmatimonadota,mouth,M,1
R-501,Roseisolibacter,27,Gemmatimonadota,anus,F,1
R-502,Roseisolibacter,20,Gemmatimonadota,mouth,M,1
R-503,Roseisolibacter,22,Gemmatimonadota,anus,F,1
R-504,Roseisolibacter,4,Gemmatimonadota,mouth,M,1
R-505,Roseisolibacter,21,Gemmatimonadota,anus,M,0
R-506,Roseisolibacter,28,Gemmatimonadota,anus,F,0
R-507,Roseisolibacter,8,Gemmatimonadota,anus,M,1
R-508,Roseisolibacter,10,Gemmatimonadota,anus,F,1
R-401,Parafilimonas,22,Bacteroidota,mouth,F,0
R-402,Parafilimonas,19,Bacteroidota,anus,M,0
R-403,Parafilimonas,28,Bacteroidota,anus,F,0
R-404,Parafilimonas,27,Bacteroidota,mouth,M,1
R-405,Parafilimonas,11,Bacteroidota,mouth,M,0
R-406,Parafilimonas,3,Bacteroidota,anus,F,0
R-407,Parafilimonas,14,Bacteroidota,mouth,M,1
R-408,Parafilimonas,23,Bacteroidota,anus,M,0
R-409,Parafilimonas,23,Bacteroidota,mouth,F,1
R-410,Parafilimonas,7,Bacteroidota,mouth,F,0
R-411,Parafilimonas,16,Bacteroidota,anus,F,1
R-412,Parafilimonas,0,Bacteroidota,anus,F,1
R-413,Parafilimonas,25,Bacteroidota,anus,F,1
R-414,Parafilimonas,14,Bacteroidota,anus,M,0
R-415,Parafilimonas,2,Bacteroidota,anus,M,0
R-416,Parafilimonas,25,Bacteroidota,anus,F,1
R-417,Parafilimonas,22,Bacteroidota,anus,M,0
R-418,Parafilimonas,16,Bacteroidota,mouth,M,1
R-419,Parafilimonas,31,Bacteroidota,anus,F,0
R-420,Parafilimonas,8,Bacteroidota,mouth,M,1
R-421,Parafilimonas,17,Bacteroidota,anus,M,1
R-422,Parafilimonas,16,Bacteroidota,mouth,M,0
R-423,Parafilimonas,27,Bacteroidota,mouth,M,0
R-424,Parafilimonas,0,Bacteroidota,anus,M,1
R-425,Parafilimonas,25,Bacteroidota,anus,F,0
R-426,Parafilimonas,12,Bacteroidota,anus,M,1
R-427,Parafilimonas,19,Bacteroidota,mouth,M,0
R-428,Parafilimonas,19,Bacteroidota,anus,F,1
R-429,Parafilimonas,7,Bacteroidota,anus,M,1
R-430,Parafilimonas,4,Bacteroidota,mouth,F,0
R-431,Parafilimonas,23,Bacteroidota,mouth,F,1
R-432,Parafilimonas,20,Bacteroidota,mouth,F,0
R-433,Parafilimonas,33,Bacteroidota,mouth,M,1
R-434,Parafilimonas,20,Bacteroidota,anus,F,0
R-435,Parafilimonas,20,Bacteroidota,anus,F,0
R-436,Parafilimonas,5,Bacteroidota,mouth,F,0
R-437,Parafilimonas,1,Bacteroidota,anus,M,0
R-438,Parafilimonas,14,Bacteroidota,anus,M,0
R-439,Parafilimonas,12,Bacteroidota,mouth,F,1
R-440,Parafilimonas,3,Bacteroidota,anus,F,0
R-441,Parafilimonas,13,Bacteroidota,mouth,M,1
R-442,Parafilimonas,15,Bacteroidota,anus,F,0
R-443,Parafilimonas,17,Bacteroidota,anus,M,0
R-444,Parafilimonas,4,Bacteroidota,mouth,F,1
R-445,Parafilimonas,30,Bacteroidota,mouth,M,1
R-446,Parafilimonas,18,Bacteroidota,anus,F,0
R-447,Parafilimonas,25,Bacteroidota,mouth,F,0
R-448,Parafilimonas,0,Bacteroidota,anus,M,1
R-449,Parafilimonas,22,Bacteroidota,anus,F,1
R-450,Parafilimonas,14,Bacteroidota,anus,M,1
R-451,Parafilimonas,38,Bacteroidota,anus,M,0
R-452,Parafilimonas,7,Bacteroidota,mouth,M,0
R-453,Parafilimonas,20,Bacteroidota,mouth,M,1
R-454,Parafilimonas,21,Bacteroidota,mouth,M,1
R-455,Parafilimonas,28,Bacteroidota,mouth,F,0
R-456,Parafilimonas,19,Bacteroidota,mouth,F,0
R-457,Parafilimonas,0,Bacteroidota,anus,F,0
R-458,Parafilimonas,20,Bacteroidota,mouth,M,1
R-459,Parafilimonas,7,Bacteroidota,anus,F,0
R-460,Parafilimonas,19,Bacteroidota,anus,F,0
R-461,Parafilimonas,19,Bacteroidota,anus,F,0
R-462,Parafilimonas,6,Bacteroidota,anus,F,1
R-463,Parafilimonas,0,Bacteroidota,mouth,F,0
R-464,Parafilimonas,9,Bacteroidota,anus,F,0
R-465,Parafilimonas,3,Bacteroidota,mouth,M,0
R-466,Parafilimonas,6,Bacteroidota,mouth,M,0
R-467,Parafilimonas,22,Bacteroidota,anus,M,1
R-468,Parafilimonas,8,Bacteroidota,mouth,F,0
R-469,Parafilimonas,15,Bacteroidota,mouth,M,0
R-470,Parafilimonas,16,Bacteroidota,mouth,F,1
R-471,Parafilimonas,1,Bacteroidota,anus,M,0
R-472,Parafilimonas,0,Bacteroidota,mouth,M,1
R-473,Parafilimonas,18,Bacteroidota,mouth,M,1
R-474,Parafilimonas,3,Bacteroidota,mouth,F,0
R-475,Parafilimonas,16,Bacteroidota,anus,F,1
R-476,Parafilimonas,15,Bacteroidota,mouth,M,0
R-477,Parafilimonas,7,Bacteroidota,mouth,F,1
R-478,Parafilimonas,15,Bacteroidota,mouth,F,0
R-479,Parafilimonas,22,Bacteroidota,anus,F,1
R-480,Parafilimonas,11,Bacteroidota,anus,F,1
R-481,Parafilimonas,27,Bacteroidota,anus,F,1
R-482,Parafilimonas,28,Bacteroidota,mouth,F,0
R-483,Parafilimonas,16,Bacteroidota,mouth,M,0
R-484,Parafilimonas,30,Bacteroidota,anus,M,0
R-485,Parafilimonas,17,Bacteroidota,anus,M,0
R-486,Parafilimonas,24,Bacteroidota,anus,F,1
R-487,Parafilimonas,10,Bacteroidota,mouth,M,0
R-488,Parafilimonas,7,Bacteroidota,mouth,F,1
R-489,Parafilimonas,19,Bacteroidota,anus,F,1
R-490,Parafilimonas,10,Bacteroidota,anus,F,0
R-491,Parafilimonas,28,Bacteroidota,mouth,F,0
R-492,Parafilimonas,16,Bacteroidota,anus,M,1
R-493,Parafilimonas,29,Bacteroidota,anus,F,0
R-494,Parafilimonas,22,Bacteroidota,mouth,M,0
R-495,Parafilimonas,13,Bacteroidota,anus,F,1
R-496,Parafilimonas,26,Bacteroidota,mouth,M,1
R-497,Parafilimonas,18,Bacteroidota,mouth,F,0
R-498,Parafilimonas,15,Bacteroidota,anus,F,0
R-499,Parafilimonas,21,Bacteroidota,anus,M,0
R-500,Parafilimonas,9,Bacteroidota,mouth,M,1
R-501,Parafilimonas,19,Bacteroidota,anus,F,1
R-502,Parafilimonas,11,Bacteroidota,mouth,M,1
R-503,Parafilimonas,14,Bacteroidota,anus,F,1
R-504,Parafilimonas,22,Bacteroidota,mouth,M,1
R-505,Parafilimonas,10,Bacteroidota,anus,M,0
R-506,Parafilimonas,12,Bacteroidota,anus,F,0
R-507,Parafilimonas,15,Bacteroidota,anus,M,1
R-508,Parafilimonas,20,Bacteroidota,anus,F,1
R-401,Desulfovibrio,23,Desulfobacterota,mouth,F,0
R-402,Desulfovibrio,1,Desulfobacterota,anus,M,0
R-403,Desulfovibrio,14,Desulfobacterota,anus,F,0
R-404,Desulfovibrio,20,Desulfobacterota,mouth,M,1
R-405,Desulfovibrio,19,Desulfobacterota,mouth,M,0
R-406,Desulfovibrio,17,Desulfobacterota,anus,F,0
R-407,Desulfovibrio,10,Desulfobacterota,mouth,M,1
R-408,Desulfovibrio,13,Desulfobacterota,anus,M,0
R-409,Desulfovibrio,2,Desulfobacterota,mouth,F,1
R-410,Desulfovibrio,14,Desulfobacterota,mouth,F,0
R-411,Desulfovibrio,8,Desulfobacterota,anus,F,1
R-412,Desulfovibrio,15,Desulfobacterota,anus,F,1
R-413,Desulfovibrio,0,Desulfobacterota,anus,F,1
R-414,Desulfovibrio,0,Desulfobacterota,anus,M,0
R-415,Desulfovibrio,6,Desulfobacterota,anus,M,0
R-416,Desulfovibrio,5,Desulfobacterota,anus,F,1
R-417,Desulfovibrio,11,Desulfobacterota,anus,M,0
R-418,Desulfovibrio,26,Desulfobacterota,mouth,M,1
R-419,Desulfovibrio,29,Desulfobacterota,anus,F,0
R-420,Desulfovibrio,16,Desulfobacterota,mouth,M,1
R-421,Desulfovibrio,0,Desulfobacterota,anus,M,1
R-422,Desulfovibrio,18,Desulfobacterota,mouth,M,0
R-423,Desulfovibrio,18,Desulfobacterota,mouth,M,0
R-424,Desulfovibrio,18,Desulfobacterota,anus,M,1
R-425,Desulfovibrio,25,Desulfobacterota,anus,F,0
R-426,Desulfovibrio,17,Desulfobacterota,anus,M,1
R-427,Desulfovibrio,26,Desulfobacterota,mouth,M,0
R-428,Desulfovibrio,5,Desulfobacterota,anus,F,1
R-429,Desulfovibrio,14,Desulfobacterota,anus,M,1
R-430,Desulfovibrio,19,Desulfobacterota,mouth,F,0
R-431,Desulfovibrio,22,Desulfobacterota,mouth,F,1
R-432,Desulfovibrio,19,Desulfobacterota,mouth,F,0
R-433,Desulfovibrio,20,Desulfobacterota,mouth,M,1
R-434,Desulfovibrio,0,Desulfobacterota,anus,F,0
R-435,Desulfovibrio,19,Desulfobacterota,anus,F,0
R-436,Desulfovibrio,25,Desulfobacterota,mouth,F,0
R-437,Desulfovibrio,24,Desulfobacterota,anus,M,0
R-438,Desulfovibrio,4,Desulfobacterota,anus,M,0
R-439,Desulfovibrio,13,Desulfobacterota,mouth,F,1
R-440,Desulfovibrio,26,Desulfobacterota,anus,F,0
R-441,Desulfovibrio,28,Desulfobacterota,mouth,M,1
R-442,Desulfovibrio,12,Desulfobacterota,anus,F,0
R-443,Desulfovibrio,10,Desulfobacterota,anus,M,0
R-444,Desulfovibrio,5,Desulfobacterota,mouth,F,1
R-445,Desulfovibrio,26,Desulfobacterota,mouth,M,1
R-446,Desulfovibrio,15,Desulfobacterota,anus,F,0
R-447,Desulfovibrio,17,Desulfobacterota,mouth,F,0
R-448,Desulfovibrio,15,Desulfobacterota,anus,M,1
R-449,Desulfovibrio,6,Desulfobacterota,anus,F,1
R-450,Desulfovibrio,38,Desulfobacterota,anus,M,1
R-451,Desulfovibrio,18,Desulfobacterota,anus,M,0
R-452,Desulfovibrio,17,Desulfobacterota,mouth,M,0
R-453,Desulfovibrio,3,Desulfobacterota,mouth,M,1
R-454,Desulfovibrio,6,Desulfobacterota,mouth,M,1
R-455,Desulfovibrio,9,Desulfobacterota,mouth,F,0
R-456,Desulfovibrio,34,Desulfobacterota,mouth,F,0
R-457,Desulfovibrio,17,Desulfobacterota,anus,F,0
R-458,Desulfovibrio,13,Desulfobacterota,mouth,M,1
R-459,Desulfovibrio,13,Desulfobacterota,anus,F,0
R-460,Desulfovibrio,9,Desulfobacterota,anus,F,0
R-461,Desulfovibrio,17,Desulfobacterota,anus,F,0
R-462,Desulfovibrio,7,Desulfobacterota,anus,F,1
R-463,Desulfovibrio,18,Desulfobacterota,mouth,F,0
R-464,Desulfovibrio,6,Desulfobacterota,anus,F,0
R-465,Desulfovibrio,15,Desulfobacterota,mouth,M,0
R-466,Desulfovibrio,0,Desulfobacterota,mouth,M,0
R-467,Desulfovibrio,22,Desulfobacterota,anus,M,1
R-468,Desulfovibrio,16,Desulfobacterota,mouth,F,0
R-469,Desulfovibrio,10,Desulfobacterota,mouth,M,0
R-470,Desulfovibrio,18,Desulfobacterota,mouth,F,1
R-471,Desulfovibrio,22,Desulfobacterota,anus,M,0
R-472,Desulfovibrio,19,Desulfobacterota,mouth,M,1
R-473,Desulfovibrio,15,Desulfobacterota,mouth,M,1
R-474,Desulfovibrio,18,Desulfobacterota,mouth,F,0
R-475,Desulfovibrio,14,Desulfobacterota,anus,F,1
R-476,Desulfovibrio,6,Desulfobacterota,mouth,M,0
R-477,Desulfovibrio,9,Desulfobacterota,mouth,F,1
R-478,Desulfovibrio,21,Desulfobacterota,mouth,F,0
R-479,Desulfovibrio,2,Desulfobacterota,anus,F,1
R-480,Desulfovibrio,37,Desulfobacterota,anus,F,1
R-481,Desulfovibrio,13,Desulfobacterota,anus,F,1
R-482,Desulfovibrio,21,Desulfobacterota,mouth,F,0
R-483,Desulfovibrio,5,Desulfobacterota,mouth,M,0
R-484,Desulfovibrio,9,Desulfobacterota,anus,M,0
R-485,Desulfovibrio,20,Desulfobacterota,anus,M,0
R-486,Desulfovibrio,16,Desulfobacterota,anus,F,1
R-487,Desulfovibrio,21,Desulfobacterota,mouth,M,0
R-488,Desulfovibrio,21,Desulfobacterota,mouth,F,1
R-489,Desulfovibrio,17,Desulfobacterota,anus,F,1
R-490,Desulfovibrio,26,Desulfobacterota,anus,F,0
R-491,Desulfovibrio,14,Desulfobacterota,mouth,F,0
R-492,Desulfovibrio,0,Desulfobacterota,anus,M,1
R-493,Desulfovibrio,18,Desulfobacterota,anus,F,0
R-494,Desulfovibrio,29,Desulfobacterota,mouth,M,0
R-495,Desulfovibrio,7,Desulfobacterota,anus,F,1
R-496,Desulfovibrio,16,Desulfobacterota,mouth,M,1
R-497,Desulfovibrio,17,Desulfobacterota,mouth,F,0
R-498,Desulfovibrio,14,Desulfobacterota,anus,F,0
R-499,Desulfovibrio,16,Desulfobacterota,anus,M,0
R-500,Desulfovibrio,16,Desulfobacterota,mouth,M,1
R-501,Desulfovibrio,31,Desulfobacterota,anus,F,1
R-502,Desulfovibrio,26,Desulfobacterota,mouth,M,1
R-503,Desulfovibrio,8,Desulfobacterota,anus,F,1
R-504,Desulfovibrio,19,Desulfobacterota,mouth,M,1
R-505,Desulfovibrio,8,Desulfobacterota,anus,M,0
R-506,Desulfovibrio,11,Desulfobacterota,anus,F,0
R-507,Desulfovibrio,25,Desulfobacterota,anus,M,1
R-508,Desulfovibrio,0,Desulfobacterota,anus,F,1
R-401,Chitinophaga,20,Bacteroidota,mouth,F,0
R-402,Chitinophaga,33,Bacteroidota,anus,M,0
R-403,Chitinophaga,6,Bacteroidota,anus,F,0
R-404,Chitinophaga,24,Bacteroidota,mouth,M,1
R-405,Chitinophaga,10,Bacteroidota,mouth,M,0
R-406,Chitinophaga,20,Bacteroidota,anus,F,0
R-407,Chitinophaga,17,Bacteroidota,mouth,M,1
R-408,Chitinophaga,4,Bacteroidota,anus,M,0
R-409,Chitinophaga,26,Bacteroidota,mouth,F,1
R-410,Chitinophaga,29,Bacteroidota,mouth,F,0
R-411,Chitinophaga,10,Bacteroidota,anus,F,1
R-412,Chitinophaga,27,Bacteroidota,anus,F,1
R-413,Chitinophaga,10,Bacteroidota,anus,F,1
R-414,Chitinophaga,21,Bacteroidota,anus,M,0
R-415,Chitinophaga,5,Bacteroidota,anus,M,0
R-416,Chitinophaga,24,Bacteroidota,anus,F,1
R-417,Chitinophaga,21,Bacteroidota,anus,M,0
R-418,Chitinophaga,8,Bacteroidota,mouth,M,1
R-419,Chitinophaga,0,Bacteroidota,anus,F,0
R-420,Chitinophaga,15,Bacteroidota,mouth,M,1
R-421,Chitinophaga,15,Bacteroidota,anus,M,1
R-422,Chitinophaga,17,Bacteroidota,mouth,M,0
R-423,Chitinophaga,10,Bacteroidota,mouth,M,0
R-424,Chitinophaga,12,Bacteroidota,anus,M,1
R-425,Chitinophaga,36,Bacteroidota,anus,F,0
R-426,Chitinophaga,29,Bacteroidota,anus,M,1
R-427,Chitinophaga,15,Bacteroidota,mouth,M,0
R-428,Chitinophaga,25,Bacteroidota,anus,F,1
R-429,Chitinophaga,30,Bacteroidota,anus,M,1
R-430,Chitinophaga,7,Bacteroidota,mouth,F,0
R-431,Chitinophaga,7,Bacteroidota,mouth,F,1
R-432,Chitinophaga,23,Bacteroidota,mouth,F,0
R-433,Chitinophaga,15,Bacteroidota,mouth,M,1
R-434,Chitinophaga,16,Bacteroidota,anus,F,0
R-435,Chitinophaga,37,Bacteroidota,anus,F,0
R-436,Chitinophaga,18,Bacteroidota,mouth,F,0
R-437,Chitinophaga,26,Bacteroidota,anus,M,0
R-438,Chitinophaga,22,Bacteroidota,anus,M,0
R-439,Chitinophaga,29,Bacteroidota,mouth,F,1
R-440,Chitinophaga,19,Bacteroidota,anus,F,0
R-441,Chitinophaga,19,Bacteroidota,mouth,M,1
R-442,Chitinophaga,6,Bacteroidota,anus,F,0
R-443,Chitinophaga,25,Bacteroidota,anus,M,0
R-444,Chitinophaga,14,Bacteroidota,mouth,F,1
R-445,Chitinophaga,12,Bacteroidota,mouth,M,1
R-446,Chitinophaga,1,Bacteroidota,anus,F,0
R-447,Chitinophaga,18,Bacteroidota,mouth,F,0
R-448,Chitinophaga,24,Bacteroidota,anus,M,1
R-449,Chitinophaga,17,Bacteroidota,anus,F,1
R-450,Chitinophaga,14,Bacteroidota,anus,M,1
R-451,Chitinophaga,17,Bacteroidota,anus,M,0
R-452,Chitinophaga,19,Bacteroidota,mouth,M,0
R-453,Chitinophaga,0,Bacteroidota,mouth,M,1
R-454,Chitinophaga,0,Bacteroidota,mouth,M,1
R-455,Chitinophaga,12,Bacteroidota,mouth,F,0
R-456,Chitinophaga,13,Bacteroidota,mouth,F,0
R-457,Chitinophaga,25,Bacteroidota,anus,F,0
R-458,Chitinophaga,14,Bacteroidota,mouth,M,1
R-459,Chitinophaga,14,Bacteroidota,anus,F,0
R-460,Chitinophaga,7,Bacteroidota,anus,F,0
R-461,Chitinophaga,15,Bacteroidota,anus,F,0
R-462,Chitinophaga,11,Bacteroidota,anus,F,1
R-463,Chitinophaga,21,Bacteroidota,mouth,F,0
R-464,Chitinophaga,7,Bacteroidota,anus,F,0
R-465,Chitinophaga,8,Bacteroidota,mouth,M,0
R-466,Chitinophaga,7,Bacteroidota,mouth,M,0
R-467,Chitinophaga,16,Bacteroidota,anus,M,1
R-468,Chitinophaga,25,Bacteroidota,mouth,F,0
R-469,Chitinophaga,12,Bacteroidota,mouth,M,0
R-470,Chitinophaga,0,Bacteroidota,mouth,F,1
R-471,Chitinophaga,23,Bacteroidota,anus,M,0
R-472,Chitinophaga,2,Bacteroidota,mouth,M,1
R-473,Chitinophaga,2,Bacteroidota,mouth,M,1
R-474,Chitinophaga,5,Bacteroidota,mouth,F,0
R-475,Chitinophaga,0,Bacteroidota,anus,F,1
R-476,Chitinophaga,5,Bacteroidota,mouth,M,0
R-477,Chitinophaga,21,Bacteroidota,mouth,F,1
R-478,Chitinophaga,31,Bacteroidota,mouth,F,0
R-479,Chitinophaga,10,Bacteroidota,anus,F,1
R-480,Chitinophaga,23,Bacteroidota,anus,F,1
R-481,Chitinophaga,21,Bacteroidota,anus,F,1
R-482,Chitinophaga,30,Bacteroidota,mouth,F,0
R-483,Chitinophaga,16,Bacteroidota,mouth,M,0
R-484,Chitinophaga,10,Bacteroidota,anus,M,0
R-485,Chitinophaga,3,Bacteroidota,anus,M,0
R-486,Chitinophaga,1,Bacteroidota,anus,F,1
R-487,Chitinophaga,11,Bacteroidota,mouth,M,0
R-488,Chitinophaga,18,Bacteroidota,mouth,F,1
R-489,Chitinophaga,2,Bacteroidota,anus,F,1
R-490,Chitinophaga,4,Bacteroidota,anus,F,0
R-491,Chitinophaga,28,Bacteroidota,mouth,F,0
R-492,Chitinophaga,17,Bacteroidota,anus,M,1
R-493,Chitinophaga,22,Bacteroidota,anus,F,0
R-494,Chitinophaga,16,Bacteroidota,mouth,M,0
R-495,Chitinophaga,24,Bacteroidota,anus,F,1
R-496,Chitinophaga,9,Bacteroidota,mouth,M,1
R-497,Chitinophaga,25,Bacteroidota,mouth,F,0
R-498,Chitinophaga,4,Bacteroidota,anus,F,0
R-499,Chitinophaga,5,Bacteroidota,anus,M,0
R-500,Chitinophaga,18,Bacteroidota,mouth,M,1
R-501,Chitinophaga,23,Bacteroidota,anus,F,1
R-502,Chitinophaga,42,Bacteroidota,mouth,M,1
R-503,Chitinophaga,18,Bacteroidota,anus,F,1
R-504,Chitinophaga,27,Bacteroidota,mouth,M,1
R-505,Chitinophaga,4,Bacteroidota,anus,M,0
R-506,Chitinophaga,6,Bacteroidota,anus,F,0
R-507,Chitinophaga,23,Bacteroidota,anus,M,1
R-508,Chitinophaga,0,Bacteroidota,anus,F,1
R-401,Flexivirga,12,Actinobacteriota,mouth,F,0
R-402,Flexivirga,11,Actinobacteriota,anus,M,0
R-403,Flexivirga,8,Actinobacteriota,anus,F,0
R-404,Flexivirga,27,Actinobacteriota,mouth,M,1
R-405,Flexivirga,14,Actinobacteriota,mouth,M,0
R-406,Flexivirga,10,Actinobacteriota,anus,F,0
R-407,Flexivirga,9,Actinobacteriota,mouth,M,1
R-408,Flexivirga,4,Actinobacteriota,anus,M,0
R-409,Flexivirga,13,Actinobacteriota,mouth,F,1
R-410,Flexivirga,0,Actinobacteriota,mouth,F,0
R-411,Flexivirga,27,Actinobacteriota,anus,F,1
R-412,Flexivirga,6,Actinobacteriota,anus,F,1
R-413,Flexivirga,28,Actinobacteriota,anus,F,1
R-414,Flexivirga,36,Actinobacteriota,anus,M,0
R-415,Flexivirga,20,Actinobacteriota,anus,M,0
R-416,Flexivirga,10,Actinobacteriota,anus,F,1
R-417,Flexivirga,16,Actinobacteriota,anus,M,0
R-418,Flexivirga,26,Actinobacteriota,mouth,M,1
R-419,Flexivirga,20,Actinobacteriota,anus,F,0
R-420,Flexivirga,0,Actinobacteriota,mouth,M,1
R-421,Flexivirga,19,Actinobacteriota,anus,M,1
R-422,Flexivirga,21,Actinobacteriota,mouth,M,0
R-423,Flexivirga,21,Actinobacteriota,mouth,M,0
R-424,Flexivirga,34,Actinobacteriota,anus,M,1
R-425,Flexivirga,16,Actinobacteriota,anus,F,0
R-426,Flexivirga,12,Actinobacteriota,anus,M,1
R-427,Flexivirga,23,Actinobacteriota,mouth,M,0
R-428,Flexivirga,8,Actinobacteriota,anus,F,1
R-429,Flexivirga,18,Actinobacteriota,anus,M,1
R-430,Flexivirga,22,Actinobacteriota,mouth,F,0
R-431,Flexivirga,4,Actinobacteriota,mouth,F,1
R-432,Flexivirga,22,Actinobacteriota,mouth,F,0
R-433,Flexivirga,22,Actinobacteriota,mouth,M,1
R-434,Flexivirga,4,Actinobacteriota,anus,F,0
R-435,Flexivirga,9,Actinobacteriota,anus,F,0
R-436,Flexivirga,0,Actinobacteriota,mouth,F,0
R-437,Flexivirga,16,Actinobacteriota,anus,M,0
R-438,Flexivirga,6,Actinobacteriota,anus,M,0
R-439,Flexivirga,14,Actinobacteriota,mouth,F,1
R-440,Flexivirga,12,Actinobacteriota,anus,F,0
R-441,Flexivirga,23,Actinobacteriota,mouth,M,1
R-442,Flexivirga,27,Actinobacteriota,anus,F,0
R-443,Flexivirga,15,Actinobacteriota,anus,M,0
R-444,Flexivirga,31,Actinobacteriota,mouth,F,1
R-445,Flexivirga,23,Actinobacteriota,mouth,M,1
R-446,Flexivirga,18,Actinobacteriota,anus,F,0
R-447,Flexivirga,15,Actinobacteriota,mouth,F,0
R-448,Flexivirga,26,Actinobacteriota,anus,M,1
R-449,Flexivirga,11,Actinobacteriota,anus,F,1
R-450,Flexivirga,0,Actinobacteriota,anus,M,1
R-451,Flexivirga,20,Actinobacteriota,anus,M,0
R-452,Flexivirga,29,Actinobacteriota,mouth,M,0
R-453,Flexivirga,10,Actinobacteriota,mouth,M,1
R-454,Flexivirga,13,Actinobacteriota,mouth,M,1
R-455,Flexivirga,28,Actinobacteriota,mouth,F,0
R-456,Flexivirga,17,Actinobacteriota,mouth,F,0
R-457,Flexivirga,24,Actinobacteriota,anus,F,0
R-458,Flexivirga,8,Actinobacteriota,mouth,M,1
R-459,Flexivirga,17,Actinobacteriota,anus,F,0
R-460,Flexivirga,19,Actinobacteriota,anus,F,0
R-461,Flexivirga,14,Actinobacteriota,anus,F,0
R-462,Flexivirga,20,Actinobacteriota,anus,F,1
R-463,Flexivirga,0,Actinobacteriota,mouth,F,0
R-464,Flexivirga,11,Actinobacteriota,anus,F,0
R-465,Flexivirga,23,Actinobacteriota,mouth,M,0
R-466,Flexivirga,7,Actinobacteriota,mouth,M,0
R-467,Flexivirga,32,Actinobacteriota,anus,M,1
R-468,Flexivirga,11,Actinobacteriota,mouth,F,0
R-469,Flexivirga,20,Actinobacteriota,mouth,M,0
R-470,Flexivirga,10,Actinobacteriota,mouth,F,1
R-471,Flexivirga,15,Actinobacteriota,anus,M,0
R-472,Flexivirga,20,Actinobacteriota,mouth,M,1
R-473,Flexivirga,16,Actinobacteriota,mouth,M,1
R-474,Flexivirga,22,Actinobacteriota,mouth,F,0
R-475,Flexivirga,19,Actinobacteriota,anus,F,1
R-476,Flexivirga,15,Actinobacteriota,mouth,M,0
R-477,Flexivirga,2,Actinobacteriota,mouth,F,1
R-478,Flexivirga,7,Actinobacteriota,mouth,F,0
R-479,Flexivirga,18,Actinobacteriota,anus,F,1
R-480,Flexivirga,11,Actinobacteriota,anus,F,1
R-481,Flexivirga,10,Actinobacteriota,anus,F,1
R-482,Flexivirga,7,Actinobacteriota,mouth,F,0
R-483,Flexivirga,6,Actinobacteriota,mouth,M,0
R-484,Flexivirga,19,Actinobacteriota,anus,M,0
R-485,Flexivirga,0,Actinobacteriota,anus,M,0
R-486,Flexivirga,15,Actinobacteriota,anus,F,1
R-487,Flexivirga,0,Actinobacteriota,mouth,M,0
R-488,Flexivirga,24,Actinobacteriota,mouth,F,1
R-489,Flexivirga,19,Actinobacteriota,anus,F,1
R-490,Flexivirga,26,Actinobacteriota,anus,F,0
R-491,Flexivirga,22,Actinobacteriota,mouth,F,0
R-492,Flexivirga,19,Actinobacteriota,anus,M,1
R-493,Flexivirga,23,Actinobacteriota,anus,F,0
R-494,Flexivirga,25,Actinobacteriota,mouth,M,0
R-495,Flexivirga,18,Actinobacteriota,anus,F,1
R-496,Flexivirga,10,Actinobacteriota,mouth,M,1
R-497,Flexivirga,0,Actinobacteriota,mouth,F,0
R-498,Flexivirga,28,Actinobacteriota,anus,F,0
R-499,Flexivirga,24,Actinobacteriota,anus,M,0
R-500,Flexivirga,10,Actinobacteriota,mouth,M,1
R-501,Flexivirga,12,Actinobacteriota,anus,F,1
R-502,Flexivirga,37,Actinobacteriota,mouth,M,1
R-503,Flexivirga,13,Actinobacteriota,anus,F,1
R-504,Flexivirga,4,Actinobacteriota,mouth,M,1
R-505,Flexivirga,13,Actinobacteriota,anus,M,0
R-506,Flexivirga,4,Actinobacteriota,anus,F,0
R-507,Flexivirga,7,Actinobacteriota,anus,M,1
R-508,Flexivirga,29,Actinobacteriota,anus,F,1
R-401,Nocardia,20,Actinobacteriota,mouth,F,0
R-402,Nocardia,6,Actinobacteriota,anus,M,0
R-403,Nocardia,0,Actinobacteriota,anus,F,0
R-404,Nocardia,19,Actinobacteriota,mouth,M,1
R-405,Nocardia,11,Actinobacteriota,mouth,M,0
R-406,Nocardia,18,Actinobacteriota,anus,F,0
R-407,Nocardia,19,Actinobacteriota,mouth,M,1
R-408,Nocardia,21,Actinobacteriota,anus,M,0
R-409,Nocardia,15,Actinobacteriota,mouth,F,1
R-410,Nocardia,8,Actinobacteriota,mouth,F,0
R-411,Nocardia,16,Actinobacteriota,anus,F,1
R-412,Nocardia,12,Actinobacteriota,anus,F,1
R-413,Nocardia,4,Actinobacteriota,anus,F,1
R-414,Nocardia,13,Actinobacteriota,anus,M,0
R-415,Nocardia,13,Actinobacteriota,anus,M,0
R-416,Nocardia,4,Actinobacteriota,anus,F,1
R-417,Nocardia,33,Actinobacteriota,anus,M,0
R-418,Nocardia,12,Actinobacteriota,mouth,M,1
R-419,Nocardia,14,Actinobacteriota,anus,F,0
R-420,Nocardia,9,Actinobacteriota,mouth,M,1
R-421,Nocardia,26,Actinobacteriota,anus,M,1
R-422,Nocardia,22,Actinobacteriota,mouth,M,0
R-423,Nocardia,18,Actinobacteriota,mouth,M,0
R-424,Nocardia,11,Actinobacteriota,anus,M,1
R-425,Nocardia,18,Actinobacteriota,anus,F,0
R-426,Nocardia,15,Actinobacteriota,anus,M,1
R-427,Nocardia,8,Actinobacteriota,mouth,M,0
R-428,Nocardia,12,Actinobacteriota,anus,F,1
R-429,Nocardia,4,Actinobacteriota,anus,M,1
R-430,Nocardia,17,Actinobacteriota,mouth,F,0
R-431,Nocardia,19,Actinobacteriota,mouth,F,1
R-432,Nocardia,2,Actinobacteriota,mouth,F,0
R-433,Nocardia,42,Actinobacteriota,mouth,M,1
R-434,Nocardia,12,Actinobacteriota,anus,F,0
R-435,Nocardia,24,Actinobacteriota,anus,F,0
R-436,Nocardia,3,Actinobacteriota,mouth,F,0
R-437,Nocardia,18,Actinobacteriota,anus,M,0
R-438,Nocardia,35,Actinobacteriota,anus,M,0
R-439,Nocardia,5,Actinobacteriota,mouth,F,1
R-440,Nocardia,17,Actinobacteriota,anus,F,0
R-441,Nocardia,19,Actinobacteriota,mouth,M,1
R-442,Nocardia,27,Actinobacteriota,anus,F,0
R-443,Nocardia,7,Actinobacteriota,anus,M,0
R-444,Nocardia,7,Actinobacteriota,mouth,F,1
R-445,Nocardia,14,Actinobacteriota,mouth,M,1
R-446,Nocardia,19,Actinobacteriota,anus,F,0
R-447,Nocardia,27,Actinobacteriota,mouth,F,0
R-448,Nocardia,20,Actinobacteriota,anus,M,1
R-449,Nocardia,25,Actinobacteriota,anus,F,1
R-450,Nocardia,4,Actinobacteriota,anus,M,1
R-451,Nocardia,12,Actinobacteriota,anus,M,0
R-452,Nocardia,14,Actinobacteriota,mouth,M,0
R-453,Nocardia,8,Actinobacteriota,mouth,M,1
R-454,Nocardia,13,Actinobacteriota,mouth,M,1
R-455,Nocardia,28,Actinobacteriota,mouth,F,0
R-456,Nocardia,13,Actinobacteriota,mouth,F,0
R-457,Nocardia,26,Actinobacteriota,anus,F,0
R-458,Nocardia,10,Actinobacteriota,mouth,M,1
R-459,Nocardia,25,Actinobacteriota,anus,F,0
R-460,Nocardia,0,Actinobacteriota,anus,F,0
R-461,Nocardia,4,Actinobacteriota,anus,F,0
R-462,Nocardia,23,Actinobacteriota,anus,F,1
R-463,Nocardia,28,Actinobacteriota,mouth,F,0
R-464,Nocardia,17,Actinobacteriota,anus,F,0
R-465,Nocardia,10,Actinobacteriota,mouth,M,0
R-466,Nocardia,5,Actinobacteriota,mouth,M,0
R-467,Nocardia,19,Actinobacteriota,anus,M,1
R-468,Nocardia,22,Actinobacteriota,mouth,F,0
R-469,Nocardia,28,Actinobacteriota,mouth,M,0
R-470,Nocardia,16,Actinobacteriota,mouth,F,1
R-471,Nocardia,12,Actinobacteriota,anus,M,0
R-472,Nocardia,6,Actinobacteriota,mouth,M,1
R-473,Nocardia,19,Actinobacteriota,mouth,M,1
R-474,Nocardia,25,Actinobacteriota,mouth,F,0
R-475,Nocardia,7,Actinobacteriota,anus,F,1
R-476,Nocardia,11,Actinobacteriota,mouth,M,0
R-477,Nocardia,9,Actinobacteriota,mouth,F,1
R-478,Nocardia,15,Actinobacteriota,mouth,F,0
R-479,Nocardia,27,Actinobacteriota,anus,F,1
R-480,Nocardia,22,Actinobacteriota,anus,F,1
R-481,Nocardia,23,Actinobacteriota,anus,F,1
R-482,Nocardia,0,Actinobacteriota,mouth,F,0
R-483,Nocardia,21,Actinobacteriota,mouth,M,0
R-484,Nocardia,8,Actinobacteriota,anus,M,0
R-485,Nocardia,16,Actinobacteriota,anus,M,0
R-486,Nocardia,0,Actinobacteriota,anus,F,1
R-487,Nocardia,0,Actinobacteriota,mouth,M,0
R-488,Nocardia,10,Actinobacteriota,mouth,F,1
R-489,Nocardia,30,Actinobacteriota,anus,F,1
R-490,Nocardia,10,Actinobacteriota,anus,F,0
R-491,Nocardia,9,Actinobacteriota,mouth,F,0
R-492,Nocardia,10,Actinobacteriota,anus,M,1
R-493,Nocardia,26,Actinobacteriota,anus,F,0
R-494,Nocardia,35,Actinobacteriota,mouth,M,0
R-495,Nocardia,21,Actinobacteriota,anus,F,1
R-496,Nocardia,18,Actinobacteriota,mouth,M,1
R-497,Nocardia,19,Actinobacteriota,mouth,F,0
R-498,Nocardia,12,Actinobacteriota,anus,F,0
R-499,Nocardia,20,Actinobacteriota,anus,M,0
R-500,Nocardia,17,Actinobacteriota,mouth,M,1
R-501,Nocardia,17,Actinobacteriota,anus,F,1
R-502,Nocardia,0,Actinobacteriota,mouth,M,1
R-503,Nocardia,8,Actinobacteriota,anus,F,1
R-504,Nocardia,0,Actinobacteriota,mouth,M,1
R-505,Nocardia,11,Actinobacteriota,anus,M,0
R-506,Nocardia,12,Actinobacteriota,anus,F,0
R-507,Nocardia,16,Actinobacteriota,anus,M,1
R-508,Nocardia,3,Actinobacteriota,anus,F,1
R-401,Fusobacterium,18,Fusobacteriota,mouth,F,0
R-402,Fusobacterium,26,Fusobacteriota,anus,M,0
R-403,Fusobacterium,18,Fusobacteriota,anus,F,0
R-404,Fusobacterium,17,Fusobacteriota,mouth,M,1
R-405,Fusobacterium,28,Fusobacteriota,mouth,M,0
R-406,Fusobacterium,5,Fusobacteriota,anus,F,0
R-407,Fusobacterium,5,Fusobacteriota,mouth,M,1
R-408,Fusobacterium,8,Fusobacteriota,anus,M,0
R-409,Fusobacterium,21,Fusobacteriota,mouth,F,1
R-410,Fusobacterium,19,Fusobacteriota,mouth,F,0
R-411,Fusobacterium,22,Fusobacteriota,anus,F,1
R-412,Fusobacterium,14,Fusobacteriota,anus,F,1
R-413,Fusobacterium,12,Fusobacteriota,anus,F,1
R-414,Fusobacterium,0,Fusobacteriota,anus,M,0
R-415,Fusobacterium,9,Fusobacteriota,anus,M,0
R-416,Fusobacterium,17,Fusobacteriota,anus,F,1
R-417,Fusobacterium,12,Fusobacteriota,anus,M,0
R-418,Fusobacterium,14,Fusobacteriota,mouth,M,1
R-419,Fusobacterium,19,Fusobacteriota,anus,F,0
R-420,Fusobacterium,1,Fusobacteriota,mouth,M,1
R-421,Fusobacterium,27,Fusobacteriota,anus,M,1
R-422,Fusobacterium,5,Fusobacteriota,mouth,M,0
R-423,Fusobacterium,28,Fusobacteriota,mouth,M,0
R-424,Fusobacterium,21,Fusobacteriota,anus,M,1
R-425,Fusobacterium,20,Fusobacteriota,anus,F,0
R-426,Fusobacterium,0,Fusobacteriota,anus,M,1
R-427,Fusobacterium,14,Fusobacteriota,mouth,M,0
R-428,Fusobacterium,25,Fusobacteriota,anus,F,1
R-429,Fusobacterium,26,Fusobacteriota,anus,M,1
R-430,Fusobacterium,14,Fusobacteriota,mouth,F,0
R-431,Fusobacterium,22,Fusobacteriota,mouth,F,1
R-432,Fusobacterium,0,Fusobacteriota,mouth,F,0
R-433,Fusobacterium,10,Fusobacteriota,mouth,M,1
R-434,Fusobacterium,17,Fusobacteriota,anus,F,0
R-435,Fusobacterium,26,Fusobacteriota,anus,F,0
R-436,Fusobacterium,27,Fusobacteriota,mouth,F,0
R-437,Fusobacterium,23,Fusobacteriota,anus,M,0
R-438,Fusobacterium,15,Fusobacteriota,anus,M,0
R-439,Fusobacterium,26,Fusobacteriota,mouth,F,1
R-440,Fusobacterium,33,Fusobacteriota,anus,F,0
R-441,Fusobacterium,29,Fusobacteriota,mouth,M,1
R-442,Fusobacterium,26,Fusobacteriota,anus,F,0
R-443,Fusobacterium,4,Fusobacteriota,anus,M,0
R-444,Fusobacterium,34,Fusobacteriota,mouth,F,1
R-445,Fusobacterium,17,Fusobacteriota,mouth,M,1
R-446,Fusobacterium,33,Fusobacteriota,anus,F,0
R-447,Fusobacterium,6,Fusobacteriota,mouth,F,0
R-448,Fusobacterium,19,Fusobacteriota,anus,M,1
R-449,Fusobacterium,31,Fusobacteriota,anus,F,1
R-450,Fusobacterium,5,Fusobacteriota,anus,M,1
R-451,Fusobacterium,10,Fusobacteriota,anus,M,0
R-452,Fusobacterium,29,Fusobacteriota,mouth,M,0
R-453,Fusobacterium,21,Fusobacteriota,mouth,M,1
R-454,Fusobacterium,20,Fusobacteriota,mouth,M,1
R-455,Fusobacterium,0,Fusobacteriota,mouth,F,0
R-456,Fusobacterium,8,Fusobacteriota,mouth,F,0
R-457,Fusobacterium,20,Fusobacteriota,anus,F,0
R-458,Fusobacterium,5,Fusobacteriota,mouth,M,1
R-459,Fusobacterium,21,Fusobacteriota,anus,F,0
R-460,Fusobacterium,24,Fusobacteriota,anus,F,0
R-461,Fusobacterium,13,Fusobacteriota,anus,F,0
R-462,Fusobacterium,28,Fusobacteriota,anus,F,1
R-463,Fusobacterium,20,Fusobacteriota,mouth,F,0
R-464,Fusobacterium,32,Fusobacteriota,anus,F,0
R-465,Fusobacterium,24,Fusobacteriota,mouth,M,0
R-466,Fusobacterium,26,Fusobacteriota,mouth,M,0
R-467,Fusobacterium,21,Fusobacteriota,anus,M,1
R-468,Fusobacterium,17,Fusobacteriota,mouth,F,0
R-469,Fusobacterium,7,Fusobacteriota,mouth,M,0
R-470,Fusobacterium,5,Fusobacteriota,mouth,F,1
R-471,Fusobacterium,2,Fusobacteriota,anus,M,0
R-472,Fusobacterium,8,Fusobacteriota,mouth,M,1
R-473,Fusobacterium,20,Fusobacteriota,mouth,M,1
R-474,Fusobacterium,5,Fusobacteriota,mouth,F,0
R-475,Fusobacterium,10,Fusobacteriota,anus,F,1
R-476,Fusobacterium,14,Fusobacteriota,mouth,M,0
R-477,Fusobacterium,10,Fusobacteriota,mouth,F,1
R-478,Fusobacterium,0,Fusobacteriota,mouth,F,0
R-479,Fusobacterium,31,Fusobacteriota,anus,F,1
R-480,Fusobacterium,31,Fusobacteriota,anus,F,1
R-481,Fusobacterium,15,Fusobacteriota,anus,F,1
R-482,Fusobacterium,15,Fusobacteriota,mouth,F,0
R-483,Fusobacterium,25,Fusobacteriota,mouth,M,0
R-484,Fusobacterium,4,Fusobacteriota,anus,M,0
R-485,Fusobacterium,0,Fusobacteriota,anus,M,0
R-486,Fusobacterium,21,Fusobacteriota,anus,F,1
R-487,Fusobacterium,16,Fusobacteriota,mouth,M,0
R-488,Fusobacterium,25,Fusobacteriota,mouth,F,1
R-489,Fusobacterium,14,Fusobacteriota,anus,F,1
R-490,Fusobacterium,15,Fusobacteriota,anus,F,0
R-491,Fusobacterium,23,Fusobacteriota,mouth,F,0
R-492,Fusobacterium,15,Fusobacteriota,anus,M,1
R-493,Fusobacterium,19,Fusobacteriota,anus,F,0
R-494,Fusobacterium,0,Fusobacteriota,mouth,M,0
R-495,Fusobacterium,32,Fusobacteriota,anus,F,1
R-496,Fusobacterium,11,Fusobacteriota,mouth,M,1
R-497,Fusobacterium,21,Fusobacteriota,mouth,F,0
R-498,Fusobacterium,20,Fusobacteriota,anus,F,0
R-499,Fusobacterium,33,Fusobacteriota,anus,M,0
R-500,Fusobacterium,15,Fusobacteriota,mouth,M,1
R-501,Fusobacterium,4,Fusobacteriota,anus,F,1
R-502,Fusobacterium,18,Fusobacteriota,mouth,M,1
R-503,Fusobacterium,11,Fusobacteriota,anus,F,1
R-504,Fusobacterium,21,Fusobacteriota,mouth,M,1
R-505,Fusobacterium,8,Fusobacteriota,anus,M,0
R-506,Fusobacterium,11,Fusobacteriota,anus,F,0
R-507,Fusobacterium,14,Fusobacteriota,anus,M,1
R-508,Fusobacterium,13,Fusobacteriota,anus,F,1
R-401,Proteobacteria_other,14,Proteobacteria,mouth,F,0
R-402,Proteobacteria_other,18,Proteobacteria,anus,M,0
R-403,Proteobacteria_other,9,Proteobacteria,anus,F,0
R-404,Proteobacteria_other,16,Proteobacteria,mouth,M,1
R-405,Proteobacteria_other,14,Proteobacteria,mouth,M,0
R-406,Proteobacteria_other,0,Proteobacteria,anus,F,0
R-407,Proteobacteria_other,10,Proteobacteria,mouth,M,1
R-408,Proteobacteria_other,16,Proteobacteria,anus,M,0
R-409,Proteobacteria_other,20,Proteobacteria,mouth,F,1
R-410,Proteobacteria_other,21,Proteobacteria,mouth,F,0
R-411,Proteobacteria_other,11,Proteobacteria,anus,F,1
R-412,Proteobacteria_other,30,Proteobacteria,anus,F,1
R-413,Proteobacteria_other,26,Proteobacteria,anus,F,1
R-414,Proteobacteria_other,11,Proteobacteria,anus,M,0
R-415,Proteobacteria_other,5,Proteobacteria,anus,M,0
R-416,Proteobacteria_other,1,Proteobacteria,anus,F,1
R-417,Proteobacteria_other,9,Proteobacteria,anus,M,0
R-418,Proteobacteria_other,17,Proteobacteria,mouth,M,1
R-419,Proteobacteria_other,13,Proteobacteria,anus,F,0
R-420,Proteobacteria_other,9,Proteobacteria,mouth,M,1
R-421,Proteobacteria_other,17,Proteobacteria,anus,M,1
R-422,Proteobacteria_other,10,Proteobacteria,mouth,M,0
R-423,Proteobacteria_other,16,Proteobacteria,mouth,M,0
R-424,Proteobacteria_other,7,Proteobacteria,anus,M,1
R-425,Proteobacteria_other,18,Proteobacteria,anus,F,0
R-426,Proteobacteria_other,12,Proteobacteria,anus,M,1
R-427,Proteobacteria_other,18,Proteobacteria,mouth,M,0
R-428,Proteobacteria_other,15,Proteobacteria,anus,F,1
R-429,Proteobacteria_other,9,Proteobacteria,anus,M,1
R-430,Proteobacteria_other,3,Proteobacteria,mouth,F,0
R-431,Proteobacteria_other,0,Proteobacteria,mouth,F,1
R-432,Proteobacteria_other,5,Proteobacteria,mouth,F,0
R-433,Proteobacteria_other,32,Proteobacteria,mouth,M,1
R-434,Proteobacteria_other,36,Proteobacteria,anus,F,0
R-435,Proteobacteria_other,22,Proteobacteria,anus,F,0
R-436,Proteobacteria_other,17,Proteobacteria,mouth,F,0
R-437,Proteobacteria_other,3,Proteobacteria,anus,M,0
R-438,Proteobacteria_other,13,Proteobacteria,anus,M,0
R-439,Proteobacteria_other,13,Proteobacteria,mouth,F,1
R-440,Proteobacteria_other,14,Proteobacteria,anus,F,0
R-441,Proteobacteria_other,10,Proteobacteria,mouth,M,1
R-442,Proteobacteria_other,12,Proteobacteria,anus,F,0
R-443,Proteobacteria_other,2,Proteobacteria,anus,M,0
R-444,Proteobacteria_other,24,Proteobacteria,mouth,F,1
R-445,Proteobacteria_other,11,Proteobacteria,mouth,M,1
R-446,Proteobacteria_other,13,Proteobacteria,anus,F,0
R-447,Proteobacteria_other,13,Proteobacteria,mouth,F,0
R-448,Proteobacteria_other,7,Proteobacteria,anus,M,1
R-449,Proteobacteria_other,31,Proteobacteria,anus,F,1
R-450,Proteobacteria_other,13,Proteobacteria,anus,M,1
R-451,Proteobacteria_other,8,Proteobacteria,anus,M,0
R-452,Proteobacteria_other,19,Proteobacteria,mouth,M,0
R-453,Proteobacteria_other,0,Proteobacteria,mouth,M,1
R-454,Proteobacteria_other,23,Proteobacteria,mouth,M,1
R-455,Proteobacteria_other,11,Proteobacteria,mouth,F,0
R-456,Proteobacteria_other,10,Proteobacteria,mouth,F,0
R-457,Proteobacteria_other,25,Proteobacteria,anus,F,0
R-458,Proteobacteria_other,15,Proteobacteria,mouth,M,1
R-459,Proteobacteria_other,0,Proteobacteria,anus,F,0
R-460,Proteobacteria_other,9,Proteobacteria,anus,F,0
R-461,Proteobacteria_other,23,Proteobacteria,anus,F,0
R-462,Proteobacteria_other,15,Proteobacteria,anus,F,1
R-463,Proteobacteria_other,3,Proteobacteria,mouth,F,0
R-464,Proteobacteria_other,28,Proteobacteria,anus,F,0
R-465,Proteobacteria_other,10,Proteobacteria,mouth,M,0
R-466,Proteobacteria_other,16,Proteobacteria,mouth,M,0
R-467,Proteobacteria_other,7,Proteobacteria,anus,M,1
R-468,Proteobacteria_other,10,Proteobacteria,mouth,F,0
R-469,Proteobacteria_other,11,Proteobacteria,mouth,M,0
R-470,Proteobacteria_other,21,Proteobacteria,mouth,F,1
R-471,Proteobacteria_other,22,Proteobacteria,anus,M,0
R-472,Proteobacteria_other,0,Proteobacteria,mouth,M,1
R-473,Proteobacteria_other,24,Proteobacteria,mouth,M,1
R-474,Proteobacteria_other,24,Proteobacteria,mouth,F,0
R-475,Proteobacteria_other,14,Proteobacteria,anus,F,1
R-476,Proteobacteria_other,2,Proteobacteria,mouth,M,0
R-477,Proteobacteria_other,8,Proteobacteria,mouth,F,1
R-478,Proteobacteria_other,7,Proteobacteria,mouth,F,0
R-479,Proteobacteria_other,9,Proteobacteria,anus,F,1
R-480,Proteobacteria_other,12,Proteobacteria,anus,F,1
R-481,Proteobacteria_other,15,Proteobacteria,anus,F,1
R-482,Proteobacteria_other,4,Proteobacteria,mouth,F,0
R-483,Proteobacteria_other,11,Proteobacteria,mouth,M,0
R-484,Proteobacteria_other,24,Proteobacteria,anus,M,0
R-485,Proteobacteria_other,7,Proteobacteria,anus,M,0
R-486,Proteobacteria_other,15,Proteobacteria,anus,F,1
R-487,Proteobacteria_other,22,Proteobacteria,mouth,M,0
R-488,Proteobacteria_other,14,Proteobacteria,mouth,F,1
R-489,Proteobacteria_other,7,Proteobacteria,anus,F,1
R-490,Proteobacteria_other,14,Proteobacteria,anus,F,0
R-491,Proteobacteria_other,12,Proteobacteria,mouth,F,0
R-492,Proteobacteria_other,15,Proteobacteria,anus,M,1
R-493,Proteobacteria_other,12,Proteobacteria,anus,F,0
R-494,Proteobacteria_other,6,Proteobacteria,mouth,M,0
R-495,Proteobacteria_other,13,Proteobacteria,anus,F,1
R-496,Proteobacteria_other,6,Proteobacteria,mouth,M,1
R-497,Proteobacteria_other,29,Proteobacteria,mouth,F,0
R-498,Proteobacteria_other,0,Proteobacteria,anus,F,0
R-499,Proteobacteria_other,7,Proteobacteria,anus,M,0
R-500,Proteobacteria_other,24,Proteobacteria,mouth,M,1
R-501,Proteobacteria_other,18,Proteobacteria,anus,F,1
R-502,Proteobacteria_other,23,Proteobacteria,mouth,M,1
R-503,Proteobacteria_other,20,Proteobacteria,anus,F,1
R-504,Proteobacteria_other,20,Proteobacteria,mouth,M,1
R-505,Proteobacteria_other,6,Proteobacteria,anus,M,0
R-506,Proteobacteria_other,9,Proteobacteria,anus,F,0
R-507,Proteobacteria_other,2,Proteobacteria,anus,M,1
R-508,Proteobacteria_other,10,Proteobacteria,anus,F,1
